,0
0,3
1,0
2,2
3,2
4,2
5,3
6,1
7,3
8,1
9,2
10,3
11,2
12,1
13,1
14,0
15,-1
16,0
17,3
18,1
19,3
20,3
21,1
22,3
23,1
24,0
25,3
26,4
27,3
28,1
29,3
30,1
31,1
32,4
33,2
34,3
35,0
36,0
37,1
38,4
39,-1
40,0
41,1
42,2
43,0
44,1
45,-1
46,-1
47,0
48,1
49,2
50,1
51,1
52,0
53,-1
54,3
55,2
56,4
57,1
58,0
59,-1
60,2
61,2
62,0
63,2
64,-1
65,1
66,0
67,0
68,1
69,2
70,-1
71,1
72,0
73,1
74,1
75,1
76,2
77,3
78,0
79,4
80,1
81,0
82,1
83,3
84,1
85,2
86,1
87,1
88,-1
89,0
90,1
91,1
92,-1
93,2
94,2
95,0
96,2
97,0
98,3
99,0
100,2
101,3
102,1
103,3
104,0
105,4
106,3
107,0
108,1
109,1
110,1
111,0
112,1
113,0
114,1
115,1
116,3
117,0
118,3
119,0
120,1
121,2
122,3
123,0
124,0
125,2
126,0
127,1
128,4
129,0
130,2
131,1
132,3
133,4
134,3
135,1
136,1
137,1
138,1
139,-1
140,-1
141,0
142,0
143,1
144,1
145,2
146,3
147,2
148,1
149,1
150,-1
151,1
152,3
153,1
154,1
155,3
156,1
157,0
158,1
159,2
160,0
161,0
162,1
163,-1
164,3
165,0
166,3
167,1
168,3
169,1
170,0
171,1
172,3
173,0
174,1
175,0
176,-1
177,0
178,1
179,3
180,1
181,3
182,-1
183,-1
184,1
185,3
186,-1
187,1
188,2
189,-1
190,2
191,2
192,-1
193,3
194,2
195,1
196,1
197,1
198,2
199,-1
200,2
201,1
202,3
203,1
204,1
205,3
206,4
207,1
208,1
209,1
210,1
211,1
212,0
213,2
214,3
215,3
216,1
217,-1
218,1
219,1
220,1
221,1
222,2
223,1
224,2
225,2
226,1
227,1
228,0
229,1
230,1
231,3
232,2
233,2
234,1
235,2
236,-1
237,-1
238,3
239,1
240,4
241,1
242,1
243,2
244,1
245,3
246,1
247,3
248,-1
249,1
250,4
251,3
252,3
253,2
254,0
255,3
256,2
257,1
258,3
259,0
260,2
261,1
262,1
263,1
264,1
265,1
266,1
267,2
268,2
269,1
270,1
271,4
272,1
273,1
274,1
275,2
276,-1
277,2
278,3
279,1
280,1
281,3
282,1
283,1
284,0
285,0
286,0
287,1
288,2
289,0
290,1
291,-1
292,2
293,0
294,3
295,1
296,4
297,0
298,2
299,2
300,4
301,1
302,0
303,1
304,0
305,1
306,1
307,1
308,0
309,1
310,1
311,1
312,1
313,0
314,0
315,0
316,0
317,2
318,3
319,1
320,-1
321,1
322,0
323,2
324,0
325,3
326,1
327,-1
328,4
329,1
330,0
331,2
332,1
333,1
334,0
335,-1
336,3
337,1
338,3
339,3
340,4
341,-1
342,2
343,2
344,1
345,1
346,2
347,1
348,1
349,3
350,0
351,1
352,1
353,2
354,2
355,1
356,1
357,-1
358,0
359,0
360,1
361,0
362,1
363,1
364,4
365,3
366,2
367,3
368,0
369,0
370,1
371,1
372,0
373,1
374,3
375,2
376,1
377,3
378,2
379,0
380,-1
381,0
382,4
383,2
384,1
385,-1
386,2
387,0
388,3
389,3
390,2
391,2
392,1
393,1
394,3
395,0
396,1
397,1
398,0
399,1
400,1
401,3
402,1
403,1
404,0
405,1
406,1
407,0
408,0
409,1
410,0
411,1
412,3
413,4
414,3
415,1
416,2
417,1
418,1
419,1
420,1
421,0
422,0
423,1
424,-1
425,1
426,0
427,0
428,4
429,0
430,0
431,-1
432,2
433,0
434,0
435,4
436,-1
437,1
438,0
439,-1
440,2
441,0
442,0
443,3
444,2
445,1
446,1
447,2
448,0
449,1
450,2
451,2
452,1
453,-1
454,1
455,1
456,3
457,1
458,-1
459,1
460,1
461,1
462,1
463,1
464,0
465,0
466,1
467,3
468,1
469,2
470,4
471,0
472,1
473,0
474,-1
475,3
476,1
477,1
478,0
479,2
480,3
481,1
482,0
483,0
484,1
485,2
486,0
487,1
488,4
489,1
490,1
491,0
492,1
493,1
494,1
495,4
496,0
497,0
498,3
499,1
500,1
501,1
502,2
503,1
504,3
505,3
506,3
507,1
508,0
509,1
510,3
511,1
512,4
513,1
514,1
515,2
516,0
517,0
518,3
519,-1
520,4
521,1
522,0
523,1
524,1
525,0
526,4
527,4
528,1
529,1
530,3
531,1
532,1
533,1
534,1
535,2
536,1
537,4
538,2
539,1
540,3
541,1
542,-1
543,2
544,2
545,1
546,2
547,3
548,2
549,-1
550,1
551,1
552,4
553,-1
554,-1
555,3
556,0
557,1
558,0
559,2
560,1
561,0
562,-1
563,1
564,0
565,3
566,2
567,3
568,1
569,4
570,2
571,0
572,0
573,2
574,2
575,3
576,0
577,1
578,2
579,2
580,0
581,1
582,0
583,0
584,1
585,1
586,2
587,1
588,1
589,1
590,1
591,1
592,2
593,0
594,2
595,3
596,-1
597,1
598,1
599,-1
600,4
601,0
602,0
603,1
604,2
605,2
606,-1
607,3
608,-1
609,1
610,1
611,-1
612,1
613,1
614,-1
615,0
616,1
617,-1
618,3
619,1
620,1
621,0
622,1
623,1
624,1
625,2
626,1
627,1
628,1
629,1
630,3
631,0
632,2
633,1
634,1
635,1
636,0
637,0
638,0
639,1
640,1
641,0
642,1
643,1
644,1
645,1
646,4
647,1
648,-1
649,0
650,-1
651,1
652,1
653,3
654,0
655,1
656,1
657,2
658,1
659,3
660,1
661,2
662,2
663,4
664,1
665,1
666,3
667,2
668,1
669,-1
670,4
671,0
672,1
673,3
674,0
675,1
676,0
677,1
678,3
679,4
680,3
681,4
682,1
683,2
684,-1
685,0
686,3
687,-1
688,1
689,2
690,1
691,2
692,-1
693,1
694,1
695,1
696,4
697,3
698,1
699,1
700,0
701,0
702,0
703,2
704,1
705,2
706,-1
707,0
708,1
709,1
710,0
711,2
712,1
713,3
714,2
715,-1
716,0
717,2
718,1
719,2
720,1
721,0
722,-1
723,-1
724,0
725,1
726,1
727,0
728,1
729,1
730,-1
731,0
732,0
733,1
734,1
735,0
736,3
737,2
738,2
739,0
740,0
741,3
742,0
743,1
744,0
745,3
746,2
747,2
748,1
749,1
750,4
751,3
752,-1
753,0
754,4
755,0
756,-1
757,0
758,1
759,1
760,0
761,3
762,1
763,0
764,2
765,0
766,2
767,0
768,-1
769,1
770,2
771,1
772,4
773,1
774,-1
775,-1
776,1
777,1
778,0
779,-1
780,0
781,0
782,1
783,1
784,3
785,3
786,0
787,4
788,0
789,0
790,1
791,3
792,-1
793,4
794,2
795,3
796,0
797,3
798,1
799,3
800,0
801,1
802,0
803,0
804,1
805,0
806,1
807,1
808,1
809,1
810,-1
811,2
812,4
813,4
814,3
815,2
816,3
817,0
818,3
819,0
820,0
821,1
822,-1
823,2
824,2
825,-1
826,1
827,1
828,1
829,4
830,0
831,0
832,0
833,3
834,1
835,1
836,3
837,3
838,1
839,0
840,1
841,0
842,1
843,1
844,1
845,0
846,2
847,3
848,0
849,2
850,2
851,1
852,-1
853,0
854,1
855,4
856,1
857,1
858,-1
859,3
860,3
861,1
862,1
863,1
864,-1
865,0
866,1
867,4
868,-1
869,0
870,-1
871,1
872,0
873,0
874,1
875,4
876,3
877,-1
878,4
879,0
880,4
881,3
882,4
883,0
884,1
885,1
886,1
887,1
888,1
889,1
890,1
891,1
892,0
893,1
894,1
895,1
896,3
897,-1
898,-1
899,3
900,0
901,-1
902,1
903,0
904,0
905,2
906,-1
907,2
908,1
909,1
910,0
911,3
912,1
913,1
914,3
915,-1
916,1
917,1
918,3
919,1
920,2
921,2
922,0
923,1
924,0
925,1
926,1
927,1
928,0
929,2
930,0
931,1
932,1
933,0
934,1
935,2
936,1
937,0
938,1
939,-1
940,-1
941,1
942,0
943,4
944,1
945,4
946,2
947,3
948,2
949,3
950,2
951,1
952,1
953,2
954,1
955,2
956,0
957,2
958,2
959,0
960,1
961,4
962,0
963,3
964,3
965,3
966,1
967,2
968,-1
969,4
970,1
971,2
972,4
973,1
974,2
975,3
976,1
977,4
978,2
979,1
980,3
981,1
982,1
983,-1
984,4
985,1
986,-1
987,-1
988,1
989,0
990,1
991,1
992,0
993,1
994,-1
995,2
996,3
997,0
998,-1
999,1
1000,3
1001,1
1002,2
1003,-1
1004,0
1005,2
1006,3
1007,1
1008,1
1009,0
1010,1
1011,-1
1012,1
1013,0
1014,2
1015,2
1016,0
1017,0
1018,1
1019,1
1020,2
1021,2
1022,1
1023,1
1024,2
1025,2
1026,-1
1027,-1
1028,2
1029,0
1030,0
1031,1
1032,-1
1033,1
1034,0
1035,-1
1036,-1
1037,0
1038,1
1039,-1
1040,-1
1041,0
1042,-1
1043,1
1044,0
1045,2
1046,2
1047,1
1048,2
1049,0
1050,4
1051,2
1052,1
1053,1
1054,1
1055,3
1056,3
1057,2
1058,1
1059,1
1060,0
1061,1
1062,2
1063,1
1064,-1
1065,2
1066,3
1067,4
1068,-1
1069,2
1070,-1
1071,3
1072,0
1073,2
1074,2
1075,0
1076,0
1077,2
1078,1
1079,1
1080,2
1081,1
1082,0
1083,-1
1084,1
1085,1
1086,0
1087,1
1088,0
1089,1
1090,1
1091,4
1092,3
1093,1
1094,0
1095,-1
1096,-1
1097,2
1098,1
1099,-1
1100,4
1101,1
1102,3
1103,1
1104,4
1105,2
1106,1
1107,3
1108,0
1109,3
1110,0
1111,3
1112,1
1113,0
1114,-1
1115,2
1116,3
1117,3
1118,1
1119,0
1120,0
1121,3
1122,2
1123,1
1124,4
1125,1
1126,-1
1127,2
1128,3
1129,2
1130,2
1131,3
1132,0
1133,0
1134,0
1135,1
1136,0
1137,1
1138,1
1139,1
1140,-1
1141,0
1142,1
1143,0
1144,2
1145,0
1146,2
1147,4
1148,3
1149,1
1150,1
1151,1
1152,1
1153,3
1154,2
1155,2
1156,2
1157,2
1158,3
1159,3
1160,3
1161,2
1162,4
1163,0
1164,3
1165,1
1166,2
1167,-1
1168,-1
1169,1
1170,0
1171,-1
1172,0
1173,2
1174,2
1175,0
1176,1
1177,3
1178,0
1179,-1
1180,0
1181,4
1182,0
1183,1
1184,3
1185,3
1186,1
1187,1
1188,0
1189,0
1190,1
1191,0
1192,-1
1193,-1
1194,3
1195,4
1196,3
1197,1
1198,1
1199,1
1200,1
1201,3
1202,1
1203,3
1204,2
1205,3
1206,3
1207,2
1208,1
1209,2
1210,2
1211,0
1212,1
1213,1
1214,3
1215,2
1216,-1
1217,0
1218,1
1219,-1
1220,2
1221,2
1222,0
1223,3
1224,3
1225,-1
1226,1
1227,4
1228,3
1229,0
1230,3
1231,0
1232,1
1233,1
1234,3
1235,2
1236,0
1237,2
1238,2
1239,0
1240,1
1241,1
1242,1
1243,3
1244,0
1245,0
1246,3
1247,1
1248,1
1249,1
1250,1
1251,4
1252,2
1253,2
1254,0
1255,-1
1256,1
1257,1
1258,3
1259,0
1260,2
1261,0
1262,-1
1263,2
1264,-1
1265,3
1266,-1
1267,4
1268,1
1269,1
1270,3
1271,1
1272,3
1273,1
1274,1
1275,1
1276,1
1277,1
1278,0
1279,2
1280,1
1281,3
1282,4
1283,-1
1284,2
1285,1
1286,1
1287,2
1288,1
1289,4
1290,1
1291,2
1292,1
1293,-1
1294,2
1295,2
1296,3
1297,1
1298,2
1299,1
1300,1
1301,2
1302,1
1303,0
1304,2
1305,1
1306,3
1307,0
1308,1
1309,1
1310,0
1311,1
1312,2
1313,-1
1314,1
1315,0
1316,1
1317,1
1318,-1
1319,1
1320,0
1321,2
1322,2
1323,4
1324,3
1325,1
1326,1
1327,0
1328,0
1329,1
1330,4
1331,1
1332,0
1333,4
1334,3
1335,-1
1336,0
1337,3
1338,1
1339,3
1340,1
1341,4
1342,1
1343,1
1344,2
1345,0
1346,1
1347,1
1348,0
1349,1
1350,1
1351,2
1352,1
1353,2
1354,3
1355,-1
1356,-1
1357,1
1358,1
1359,0
1360,1
1361,1
1362,3
1363,3
1364,0
1365,0
1366,3
1367,-1
1368,1
1369,1
1370,2
1371,1
1372,3
1373,2
1374,1
1375,2
1376,-1
1377,2
1378,0
1379,3
1380,3
1381,1
1382,1
1383,-1
1384,1
1385,0
1386,2
1387,4
1388,2
1389,0
1390,3
1391,0
1392,2
1393,0
1394,1
1395,1
1396,1
1397,0
1398,1
1399,1
1400,4
1401,3
1402,0
1403,2
1404,3
1405,2
1406,1
1407,0
1408,3
1409,1
1410,0
1411,1
1412,1
1413,-1
1414,2
1415,1
1416,1
1417,2
1418,4
1419,-1
1420,2
1421,1
1422,1
1423,1
1424,-1
1425,2
1426,0
1427,1
1428,0
1429,-1
1430,3
1431,2
1432,1
1433,3
1434,1
1435,4
1436,1
1437,1
1438,1
1439,1
1440,1
1441,1
1442,-1
1443,2
1444,1
1445,1
1446,3
1447,1
1448,1
1449,-1
1450,0
1451,0
1452,3
1453,4
1454,1
1455,3
1456,2
1457,3
1458,3
1459,1
1460,1
1461,4
1462,0
1463,1
1464,4
1465,1
1466,1
1467,1
1468,1
1469,0
1470,2
1471,2
1472,3
1473,3
1474,1
1475,0
1476,2
1477,1
1478,1
1479,1
1480,2
1481,0
1482,1
1483,2
1484,1
1485,0
1486,-1
1487,1
1488,1
1489,0
1490,1
1491,0
1492,-1
1493,4
1494,1
1495,2
1496,3
1497,1
1498,1
1499,1
1500,3
1501,3
1502,1
1503,1
1504,0
1505,0
1506,0
1507,3
1508,0
1509,2
1510,1
1511,1
1512,4
1513,1
1514,3
1515,2
1516,-1
1517,4
1518,0
1519,1
1520,-1
1521,2
1522,1
1523,1
1524,1
1525,4
1526,3
1527,1
1528,0
1529,0
1530,3
1531,1
1532,1
1533,1
1534,3
1535,-1
1536,0
1537,4
1538,3
1539,3
1540,0
1541,1
1542,0
1543,3
1544,3
1545,1
1546,4
1547,0
1548,2
1549,1
1550,-1
1551,1
1552,1
1553,1
1554,3
1555,1
1556,3
1557,3
1558,0
1559,1
1560,-1
1561,3
1562,0
1563,-1
1564,2
1565,2
1566,1
1567,1
1568,1
1569,1
1570,2
1571,0
1572,1
1573,-1
1574,2
1575,1
1576,2
1577,1
1578,-1
1579,1
1580,0
1581,3
1582,1
1583,2
1584,3
1585,1
1586,1
1587,4
1588,1
1589,3
1590,3
1591,3
1592,3
1593,1
1594,1
1595,1
1596,1
1597,3
1598,3
1599,0
1600,0
1601,1
1602,4
1603,1
1604,1
1605,1
1606,3
1607,-1
1608,-1
1609,2
1610,1
1611,3
1612,-1
1613,2
1614,3
1615,1
1616,1
1617,1
1618,2
1619,2
1620,3
1621,0
1622,1
1623,1
1624,1
1625,2
1626,4
1627,0
1628,3
1629,0
1630,2
1631,1
1632,2
1633,0
1634,1
1635,-1
1636,0
1637,1
1638,1
1639,1
1640,0
1641,1
1642,3
1643,0
1644,1
1645,1
1646,0
1647,1
1648,0
1649,1
1650,1
1651,0
1652,1
1653,1
1654,2
1655,-1
1656,1
1657,-1
1658,1
1659,0
1660,-1
1661,1
1662,-1
1663,2
1664,1
1665,0
1666,3
1667,1
1668,-1
1669,1
1670,1
1671,2
1672,1
1673,3
1674,1
1675,1
1676,4
1677,3
1678,1
1679,0
1680,4
1681,1
1682,0
1683,0
1684,1
1685,1
1686,0
1687,3
1688,0
1689,0
1690,1
1691,1
1692,2
1693,-1
1694,3
1695,-1
1696,3
1697,3
1698,1
1699,2
1700,0
1701,0
1702,1
1703,1
1704,1
1705,0
1706,0
1707,1
1708,1
1709,1
1710,-1
1711,3
1712,0
1713,0
1714,1
1715,1
1716,1
1717,2
1718,0
1719,1
1720,2
1721,2
1722,-1
1723,3
1724,0
1725,0
1726,2
1727,1
1728,1
1729,-1
1730,0
1731,2
1732,-1
1733,0
1734,1
1735,0
1736,2
1737,-1
1738,1
1739,1
1740,0
1741,1
1742,1
1743,2
1744,1
1745,1
1746,3
1747,1
1748,3
1749,3
1750,0
1751,3
1752,-1
1753,1
1754,1
1755,3
1756,1
1757,2
1758,3
1759,1
1760,0
1761,3
1762,1
1763,1
1764,1
1765,1
1766,2
1767,1
1768,1
1769,1
1770,3
1771,1
1772,1
1773,3
1774,0
1775,1
1776,0
1777,0
1778,0
1779,0
1780,1
1781,-1
1782,1
1783,0
1784,1
1785,2
1786,0
1787,4
1788,-1
1789,0
1790,3
1791,1
1792,1
1793,2
1794,3
1795,0
1796,1
1797,1
1798,4
1799,0
1800,0
1801,0
1802,0
1803,3
1804,-1
1805,2
1806,1
1807,2
1808,1
1809,-1
1810,0
1811,0
1812,2
1813,-1
1814,1
1815,1
1816,4
1817,1
1818,0
1819,0
1820,1
1821,1
1822,-1
1823,1
1824,1
1825,0
1826,1
1827,1
1828,3
1829,1
1830,2
1831,0
1832,4
1833,3
1834,1
1835,-1
1836,1
1837,1
1838,1
1839,-1
1840,-1
1841,-1
1842,1
1843,3
1844,1
1845,1
1846,0
1847,1
1848,2
1849,2
1850,2
1851,1
1852,-1
1853,2
1854,-1
1855,1
1856,0
1857,1
1858,0
1859,1
1860,3
1861,3
1862,-1
1863,1
1864,1
1865,3
1866,0
1867,1
1868,3
1869,0
1870,2
1871,1
1872,0
1873,1
1874,0
1875,1
1876,3
1877,0
1878,3
1879,3
1880,1
1881,1
1882,2
1883,-1
1884,1
1885,1
1886,0
1887,2
1888,1
1889,1
1890,0
1891,3
1892,2
1893,1
1894,4
1895,0
1896,-1
1897,2
1898,1
1899,2
1900,3
1901,0
1902,1
1903,1
1904,0
1905,0
1906,1
1907,1
1908,1
1909,-1
1910,1
1911,1
1912,1
1913,1
1914,1
1915,1
1916,0
1917,1
1918,1
1919,0
1920,0
1921,1
1922,1
1923,-1
1924,0
1925,4
1926,3
1927,-1
1928,0
1929,1
1930,1
1931,3
1932,0
1933,0
1934,0
1935,0
1936,1
1937,0
1938,0
1939,-1
1940,-1
1941,2
1942,-1
1943,1
1944,1
1945,2
1946,1
1947,3
1948,1
1949,1
1950,0
1951,0
1952,1
1953,1
1954,1
1955,4
1956,1
1957,1
1958,3
1959,1
1960,1
1961,1
1962,4
1963,-1
1964,2
1965,0
1966,0
1967,3
1968,3
1969,-1
1970,3
1971,0
1972,3
1973,1
1974,0
1975,1
1976,2
1977,1
1978,-1
1979,1
1980,4
1981,2
1982,1
1983,1
1984,0
1985,3
1986,1
1987,0
1988,0
1989,1
1990,2
1991,1
1992,4
1993,2
1994,4
1995,2
1996,1
1997,1
1998,0
1999,1
2000,0
2001,0
2002,0
2003,0
2004,1
2005,2
2006,2
2007,3
2008,0
2009,1
2010,-1
2011,1
2012,1
2013,1
2014,0
2015,1
2016,1
2017,2
2018,1
2019,0
2020,-1
2021,3
2022,2
2023,1
2024,1
2025,1
2026,2
2027,2
2028,-1
2029,2
2030,1
2031,3
2032,-1
2033,1
2034,1
2035,0
2036,0
2037,1
2038,0
2039,4
2040,1
2041,3
2042,3
2043,4
2044,4
2045,4
2046,1
2047,2
2048,-1
2049,0
2050,0
2051,1
2052,3
2053,1
2054,1
2055,1
2056,0
2057,1
2058,4
2059,1
2060,-1
2061,0
2062,0
2063,2
2064,2
2065,-1
2066,-1
2067,1
2068,2
2069,1
2070,0
2071,1
2072,-1
2073,3
2074,1
2075,-1
2076,3
2077,1
2078,2
2079,1
2080,1
2081,1
2082,1
2083,0
2084,1
2085,-1
2086,1
2087,-1
2088,1
2089,0
2090,4
2091,0
2092,1
2093,3
2094,1
2095,1
2096,0
2097,0
2098,2
2099,3
2100,0
2101,0
2102,1
2103,1
2104,2
2105,0
2106,0
2107,1
2108,0
2109,1
2110,1
2111,0
2112,1
2113,2
2114,-1
2115,1
2116,1
2117,0
2118,0
2119,0
2120,0
2121,0
2122,3
2123,4
2124,1
2125,1
2126,1
2127,1
2128,3
2129,1
2130,-1
2131,0
2132,1
2133,2
2134,3
2135,3
2136,1
2137,2
2138,1
2139,0
2140,1
2141,2
2142,2
2143,2
2144,3
2145,-1
2146,2
2147,1
2148,0
2149,0
2150,2
2151,3
2152,1
2153,1
2154,2
2155,0
2156,0
2157,1
2158,1
2159,1
2160,2
2161,1
2162,3
2163,-1
2164,1
2165,3
2166,0
2167,0
2168,3
2169,2
2170,3
2171,0
2172,3
2173,0
2174,0
2175,1
2176,3
2177,1
2178,3
2179,4
2180,0
2181,4
2182,1
2183,-1
2184,0
2185,1
2186,2
2187,1
2188,1
2189,0
2190,0
2191,0
2192,0
2193,4
2194,-1
2195,3
2196,0
2197,3
2198,4
2199,2
2200,0
2201,1
2202,-1
2203,1
2204,1
2205,1
2206,4
2207,3
2208,-1
2209,3
2210,4
2211,0
2212,1
2213,3
2214,2
2215,0
2216,2
2217,1
2218,1
2219,2
2220,1
2221,0
2222,3
2223,3
2224,0
2225,1
2226,1
2227,0
2228,2
2229,0
2230,1
2231,3
2232,1
2233,3
2234,0
2235,1
2236,1
2237,0
2238,1
2239,1
2240,0
2241,1
2242,2
2243,2
2244,1
2245,3
2246,0
2247,2
2248,0
2249,4
2250,2
2251,1
2252,1
2253,1
2254,1
2255,1
2256,2
2257,1
2258,1
2259,1
2260,2
2261,1
2262,3
2263,4
2264,-1
2265,1
2266,-1
2267,1
2268,2
2269,-1
2270,2
2271,1
2272,1
2273,0
2274,3
2275,2
2276,1
2277,1
2278,4
2279,2
2280,3
2281,-1
2282,2
2283,2
2284,2
2285,1
2286,1
2287,3
2288,1
2289,2
2290,3
2291,1
2292,0
2293,3
2294,2
2295,2
2296,1
2297,2
2298,4
2299,0
2300,0
2301,1
2302,0
2303,3
2304,0
2305,0
2306,0
2307,2
2308,3
2309,1
2310,1
2311,1
2312,1
2313,0
2314,1
2315,2
2316,1
2317,1
2318,1
2319,0
2320,0
2321,3
2322,4
2323,0
2324,4
2325,3
2326,2
2327,1
2328,2
2329,0
2330,1
2331,1
2332,1
2333,3
2334,3
2335,4
2336,1
2337,1
2338,2
2339,1
2340,4
2341,1
2342,-1
2343,0
2344,0
2345,1
2346,3
2347,3
2348,0
2349,4
2350,1
2351,1
2352,0
2353,0
2354,1
2355,1
2356,2
2357,3
2358,4
2359,1
2360,-1
2361,-1
2362,1
2363,1
2364,1
2365,0
2366,0
2367,1
2368,3
2369,1
2370,0
2371,2
2372,3
2373,1
2374,-1
2375,0
2376,1
2377,0
2378,0
2379,3
2380,3
2381,3
2382,1
2383,1
2384,1
2385,0
2386,-1
2387,4
2388,-1
2389,0
2390,2
2391,1
2392,1
2393,0
2394,4
2395,1
2396,0
2397,0
2398,1
2399,4
2400,1
2401,-1
2402,1
2403,1
2404,3
2405,1
2406,1
2407,2
2408,4
2409,3
2410,1
2411,3
2412,-1
2413,0
2414,2
2415,3
2416,1
2417,3
2418,1
2419,3
2420,1
2421,1
2422,1
2423,0
2424,0
2425,4
2426,0
2427,-1
2428,3
2429,0
2430,-1
2431,1
2432,4
2433,1
2434,1
2435,3
2436,3
2437,1
2438,3
2439,0
2440,1
2441,1
2442,1
2443,1
2444,1
2445,1
2446,1
2447,0
2448,0
2449,0
2450,4
2451,0
2452,3
2453,1
2454,0
2455,-1
2456,2
2457,1
2458,3
2459,1
2460,1
2461,2
2462,0
2463,-1
2464,3
2465,0
2466,-1
2467,1
2468,1
2469,-1
2470,1
2471,3
2472,1
2473,1
2474,4
2475,4
2476,2
2477,1
2478,1
2479,3
2480,1
2481,-1
2482,1
2483,-1
2484,3
2485,3
2486,2
2487,0
2488,0
2489,0
2490,0
2491,-1
2492,1
2493,2
2494,0
2495,1
2496,0
2497,2
2498,1
2499,1
2500,2
2501,3
2502,2
2503,1
2504,0
2505,0
2506,1
2507,0
2508,3
2509,3
2510,2
2511,-1
2512,-1
2513,4
2514,0
2515,1
2516,-1
2517,0
2518,1
2519,0
2520,3
2521,3
2522,1
2523,1
2524,1
2525,1
2526,-1
2527,1
2528,2
2529,4
2530,3
2531,0
2532,0
2533,4
2534,1
2535,3
2536,3
2537,1
2538,0
2539,2
2540,0
2541,0
2542,0
2543,3
2544,2
2545,2
2546,0
2547,0
2548,-1
2549,1
2550,1
2551,1
2552,0
2553,1
2554,0
2555,4
2556,0
2557,0
2558,3
2559,2
2560,1
2561,1
2562,0
2563,0
2564,0
2565,0
2566,1
2567,1
2568,1
2569,3
2570,0
2571,1
2572,0
2573,1
2574,-1
2575,0
2576,4
2577,-1
2578,1
2579,0
2580,2
2581,1
2582,3
2583,1
2584,3
2585,0
2586,3
2587,-1
2588,3
2589,1
2590,1
2591,1
2592,3
2593,4
2594,1
2595,0
2596,-1
2597,0
2598,0
2599,-1
2600,1
2601,3
2602,-1
2603,0
2604,3
2605,0
2606,0
2607,4
2608,4
2609,3
2610,2
2611,2
2612,4
2613,1
2614,1
2615,2
2616,3
2617,2
2618,3
2619,0
2620,3
2621,2
2622,3
2623,1
2624,3
2625,4
2626,0
2627,3
2628,0
2629,1
2630,1
2631,4
2632,1
2633,4
2634,2
2635,1
2636,1
2637,0
2638,3
2639,4
2640,1
2641,1
2642,4
2643,1
2644,2
2645,4
2646,3
2647,3
2648,0
2649,-1
2650,0
2651,0
2652,0
2653,3
2654,2
2655,3
2656,2
2657,0
2658,2
2659,1
2660,0
2661,0
2662,1
2663,2
2664,1
2665,3
2666,3
2667,0
2668,2
2669,4
2670,3
2671,1
2672,1
2673,0
2674,-1
2675,2
2676,0
2677,-1
2678,2
2679,3
2680,-1
2681,-1
2682,0
2683,1
2684,4
2685,4
2686,1
2687,1
2688,1
2689,3
2690,0
2691,0
2692,-1
2693,0
2694,0
2695,0
2696,1
2697,1
2698,1
2699,4
2700,-1
2701,1
2702,1
2703,2
2704,3
2705,-1
2706,0
2707,1
2708,0
2709,1
2710,0
2711,3
2712,2
2713,0
2714,1
2715,1
2716,4
2717,1
2718,1
2719,3
2720,0
2721,1
2722,0
2723,1
2724,1
2725,2
2726,-1
2727,0
2728,1
2729,1
2730,0
2731,3
2732,1
2733,2
2734,3
2735,1
2736,0
2737,1
2738,0
2739,0
2740,1
2741,0
2742,0
2743,2
2744,1
2745,1
2746,4
2747,2
2748,1
2749,3
2750,1
2751,1
2752,1
2753,0
2754,2
2755,4
2756,0
2757,1
2758,2
2759,1
2760,1
2761,1
2762,0
2763,1
2764,3
2765,1
2766,-1
2767,3
2768,1
2769,0
2770,1
2771,0
2772,3
2773,2
2774,2
2775,-1
2776,1
2777,1
2778,1
2779,0
2780,-1
2781,1
2782,1
2783,1
2784,1
2785,4
2786,1
2787,1
2788,3
2789,2
2790,2
2791,1
2792,0
2793,1
2794,0
2795,-1
2796,-1
2797,0
2798,0
2799,2
2800,1
2801,1
2802,2
2803,1
2804,3
2805,2
2806,1
2807,-1
2808,1
2809,3
2810,-1
2811,1
2812,-1
2813,1
2814,2
2815,0
2816,1
2817,3
2818,0
2819,2
2820,0
2821,3
2822,1
2823,1
2824,0
2825,0
2826,2
2827,1
2828,0
2829,0
2830,0
2831,4
2832,3
2833,2
2834,1
2835,-1
2836,0
2837,1
2838,0
2839,-1
2840,-1
2841,-1
2842,3
2843,1
2844,2
2845,0
2846,0
2847,1
2848,3
2849,3
2850,1
2851,0
2852,1
2853,3
2854,1
2855,3
2856,3
2857,0
2858,-1
2859,-1
2860,4
2861,0
2862,0
2863,3
2864,1
2865,0
2866,1
2867,0
2868,1
2869,0
2870,1
2871,1
2872,-1
2873,1
2874,-1
2875,1
2876,1
2877,2
2878,2
2879,3
2880,2
2881,2
2882,2
2883,0
2884,0
2885,1
2886,1
2887,0
2888,0
2889,0
2890,2
2891,3
2892,3
2893,1
2894,4
2895,3
2896,0
2897,1
2898,-1
2899,1
2900,1
2901,3
2902,3
2903,1
2904,1
2905,1
2906,3
2907,1
2908,2
2909,2
2910,2
2911,4
2912,-1
2913,1
2914,1
2915,0
2916,3
2917,1
2918,1
2919,3
2920,-1
2921,-1
2922,0
2923,0
2924,2
2925,2
2926,0
2927,1
2928,0
2929,0
2930,3
2931,1
2932,3
2933,0
2934,3
2935,0
2936,0
2937,0
2938,0
2939,0
2940,3
2941,0
2942,0
2943,0
2944,3
2945,-1
2946,0
2947,0
2948,3
2949,4
2950,2
2951,1
2952,2
2953,-1
2954,0
2955,0
2956,0
2957,3
2958,3
2959,3
2960,0
2961,1
2962,0
2963,0
2964,0
2965,-1
2966,0
2967,1
2968,4
2969,2
2970,1
2971,2
2972,1
2973,4
2974,2
2975,1
2976,1
2977,-1
2978,3
2979,1
2980,0
2981,3
2982,2
2983,-1
2984,2
2985,1
2986,1
2987,1
2988,1
2989,0
2990,3
2991,4
2992,0
2993,1
2994,0
2995,4
2996,1
2997,1
2998,1
2999,2
3000,1
3001,0
3002,0
3003,4
3004,3
3005,2
3006,1
3007,1
3008,-1
3009,2
3010,1
3011,2
3012,0
3013,1
3014,1
3015,1
3016,3
3017,1
3018,1
3019,1
3020,1
3021,1
3022,2
3023,1
3024,-1
3025,3
3026,-1
3027,0
3028,3
3029,3
3030,1
3031,2
3032,1
3033,0
3034,0
3035,4
3036,1
3037,0
3038,0
3039,0
3040,0
3041,3
3042,-1
3043,0
3044,2
3045,1
3046,4
3047,1
3048,4
3049,4
3050,2
3051,4
3052,1
3053,3
3054,1
3055,1
3056,3
3057,2
3058,2
3059,1
3060,0
3061,2
3062,1
3063,-1
3064,3
3065,-1
3066,2
3067,0
3068,-1
3069,1
3070,3
3071,0
3072,3
3073,1
3074,1
3075,2
3076,0
3077,0
3078,0
3079,-1
3080,1
3081,1
3082,4
3083,1
3084,0
3085,1
3086,2
3087,2
3088,1
3089,0
3090,2
3091,2
3092,3
3093,-1
3094,4
3095,0
3096,-1
3097,2
3098,2
3099,0
3100,1
3101,3
3102,0
3103,-1
3104,0
3105,1
3106,1
3107,0
3108,1
3109,1
3110,2
3111,3
3112,1
3113,0
3114,0
3115,4
3116,1
3117,3
3118,1
3119,2
3120,0
3121,1
3122,1
3123,1
3124,3
3125,4
3126,3
3127,0
3128,2
3129,-1
3130,3
3131,2
3132,1
3133,2
3134,3
3135,4
3136,4
3137,3
3138,3
3139,-1
3140,1
3141,0
3142,1
3143,3
3144,1
3145,1
3146,1
3147,3
3148,2
3149,-1
3150,1
3151,1
3152,4
3153,4
3154,2
3155,4
3156,1
3157,1
3158,1
3159,-1
3160,1
3161,1
3162,2
3163,0
3164,3
3165,0
3166,-1
3167,0
3168,2
3169,2
3170,3
3171,1
3172,3
3173,3
3174,0
3175,2
3176,3
3177,2
3178,0
3179,4
3180,1
3181,-1
3182,-1
3183,0
3184,0
3185,1
3186,0
3187,2
3188,2
3189,1
3190,-1
3191,1
3192,0
3193,2
3194,2
3195,1
3196,3
3197,0
3198,0
3199,3
3200,1
3201,0
3202,0
3203,1
3204,1
3205,3
3206,0
3207,1
3208,2
3209,2
3210,0
3211,4
3212,4
3213,2
3214,2
3215,4
3216,0
3217,-1
3218,-1
3219,0
3220,4
3221,0
3222,0
3223,3
3224,2
3225,-1
3226,2
3227,-1
3228,-1
3229,2
3230,1
3231,1
3232,-1
3233,3
3234,1
3235,2
3236,2
3237,3
3238,1
3239,1
3240,2
3241,1
3242,-1
3243,0
3244,3
3245,-1
3246,1
3247,2
3248,-1
3249,3
3250,4
3251,1
3252,0
3253,0
3254,3
3255,1
3256,3
3257,0
3258,3
3259,0
3260,-1
3261,0
3262,0
3263,3
3264,0
3265,0
3266,2
3267,1
3268,0
3269,1
3270,1
3271,0
3272,2
3273,4
3274,-1
3275,1
3276,1
3277,1
3278,1
3279,0
3280,4
3281,2
3282,1
3283,4
3284,1
3285,-1
3286,3
3287,2
3288,1
3289,0
3290,4
3291,4
3292,1
3293,0
3294,2
3295,2
3296,-1
3297,0
3298,0
3299,2
3300,4
3301,3
3302,1
3303,2
3304,3
3305,0
3306,3
3307,-1
3308,1
3309,1
3310,-1
3311,0
3312,3
3313,-1
3314,1
3315,1
3316,1
3317,1
3318,2
3319,4
3320,1
3321,0
3322,2
3323,3
3324,1
3325,1
3326,1
3327,1
3328,-1
3329,-1
3330,1
3331,0
3332,3
3333,0
3334,-1
3335,1
3336,1
3337,0
3338,2
3339,0
3340,-1
3341,0
3342,1
3343,4
3344,1
3345,0
3346,1
3347,1
3348,1
3349,0
3350,1
3351,0
3352,-1
3353,-1
3354,-1
3355,0
3356,1
3357,1
3358,1
3359,0
3360,0
3361,1
3362,3
3363,2
3364,1
3365,0
3366,-1
3367,-1
3368,2
3369,1
3370,3
3371,1
3372,1
3373,4
3374,1
3375,4
3376,2
3377,1
3378,1
3379,1
3380,0
3381,2
3382,1
3383,3
3384,3
3385,0
3386,4
3387,1
3388,1
3389,2
3390,0
3391,1
3392,1
3393,-1
3394,3
3395,2
3396,1
3397,0
3398,1
3399,3
3400,0
3401,0
3402,1
3403,3
3404,1
3405,2
3406,2
3407,3
3408,1
3409,-1
3410,2
3411,1
3412,0
3413,1
3414,0
3415,2
3416,0
3417,2
3418,2
3419,3
3420,0
3421,3
3422,0
3423,1
3424,0
3425,2
3426,0
3427,1
3428,3
3429,3
3430,3
3431,0
3432,0
3433,3
3434,2
3435,1
3436,1
3437,3
3438,1
3439,1
3440,1
3441,1
3442,2
3443,4
3444,2
3445,0
3446,1
3447,3
3448,0
3449,3
3450,0
3451,1
3452,1
3453,0
3454,1
3455,2
3456,3
3457,0
3458,0
3459,3
3460,1
3461,0
3462,-1
3463,3
3464,2
3465,3
3466,1
3467,1
3468,0
3469,0
3470,-1
3471,3
3472,0
3473,0
3474,0
3475,1
3476,1
3477,0
3478,-1
3479,1
3480,3
3481,0
3482,0
3483,0
3484,-1
3485,1
3486,3
3487,2
3488,3
3489,3
3490,-1
3491,1
3492,1
3493,3
3494,0
3495,1
3496,0
3497,0
3498,1
3499,1
3500,4
3501,0
3502,0
3503,1
3504,2
3505,-1
3506,2
3507,0
3508,0
3509,1
3510,1
3511,1
3512,2
3513,1
3514,1
3515,0
3516,1
3517,0
3518,3
3519,0
3520,1
3521,2
3522,1
3523,0
3524,3
3525,2
3526,1
3527,1
3528,0
3529,4
3530,1
3531,1
3532,0
3533,4
3534,0
3535,0
3536,1
3537,1
3538,1
3539,-1
3540,3
3541,1
3542,1
3543,3
3544,2
3545,0
3546,0
3547,0
3548,0
3549,0
3550,2
3551,2
3552,0
3553,1
3554,3
3555,-1
3556,0
3557,2
3558,4
3559,-1
3560,0
3561,1
3562,1
3563,0
3564,3
3565,0
3566,-1
3567,4
3568,3
3569,1
3570,1
3571,0
3572,0
3573,2
3574,0
3575,0
3576,1
3577,1
3578,1
3579,2
3580,3
3581,1
3582,2
3583,2
3584,1
3585,1
3586,0
3587,3
3588,0
3589,1
3590,2
3591,0
3592,0
3593,1
3594,0
3595,1
3596,0
3597,1
3598,0
3599,4
3600,3
3601,1
3602,3
3603,3
3604,-1
3605,0
3606,0
3607,1
3608,1
3609,1
3610,4
3611,1
3612,1
3613,1
3614,1
3615,-1
3616,2
3617,-1
3618,2
3619,2
3620,3
3621,2
3622,1
3623,1
3624,-1
3625,3
3626,3
3627,3
3628,0
3629,0
3630,1
3631,1
3632,1
3633,2
3634,-1
3635,2
3636,3
3637,-1
3638,1
3639,0
3640,0
3641,0
3642,1
3643,1
3644,1
3645,0
3646,3
3647,4
3648,0
3649,0
3650,1
3651,2
3652,1
3653,4
3654,0
3655,2
3656,0
3657,2
3658,2
3659,2
3660,3
3661,1
3662,2
3663,1
3664,-1
3665,1
3666,0
3667,3
3668,1
3669,1
3670,3
3671,1
3672,0
3673,3
3674,1
3675,2
3676,1
3677,4
3678,2
3679,0
3680,1
3681,0
3682,1
3683,0
3684,2
3685,2
3686,0
3687,-1
3688,1
3689,2
3690,1
3691,1
3692,1
3693,3
3694,1
3695,1
3696,1
3697,3
3698,1
3699,1
3700,0
3701,3
3702,1
3703,-1
3704,2
3705,1
3706,0
3707,1
3708,3
3709,-1
3710,1
3711,2
3712,1
3713,3
3714,1
3715,2
3716,0
3717,3
3718,1
3719,1
3720,4
3721,1
3722,0
3723,0
3724,0
3725,1
3726,3
3727,2
3728,2
3729,1
3730,1
3731,0
3732,-1
3733,1
3734,1
3735,0
3736,0
3737,4
3738,3
3739,-1
3740,1
3741,1
3742,1
3743,3
3744,1
3745,2
3746,2
3747,-1
3748,3
3749,-1
3750,3
3751,-1
3752,4
3753,1
3754,1
3755,-1
3756,2
3757,1
3758,1
3759,4
3760,0
3761,1
3762,0
3763,2
3764,3
3765,1
3766,0
3767,0
3768,1
3769,0
3770,1
3771,0
3772,0
3773,2
3774,1
3775,1
3776,0
3777,1
3778,1
3779,1
3780,0
3781,0
3782,1
3783,1
3784,-1
3785,1
3786,3
3787,2
3788,1
3789,-1
3790,1
3791,1
3792,2
3793,2
3794,1
3795,2
3796,1
3797,2
3798,3
3799,2
3800,1
3801,3
3802,-1
3803,1
3804,0
3805,2
3806,1
3807,1
3808,3
3809,2
3810,0
3811,4
3812,4
3813,1
3814,0
3815,3
3816,1
3817,0
3818,0
3819,2
3820,2
3821,4
3822,0
3823,1
3824,3
3825,4
3826,0
3827,3
3828,1
3829,0
3830,2
3831,0
3832,2
3833,3
3834,0
3835,1
3836,1
3837,4
3838,3
3839,-1
3840,0
3841,2
3842,2
3843,1
3844,3
3845,0
3846,3
3847,3
3848,-1
3849,3
3850,-1
3851,2
3852,2
3853,3
3854,1
3855,-1
3856,1
3857,1
3858,0
3859,1
3860,-1
3861,2
3862,1
3863,2
3864,1
3865,2
3866,3
3867,0
3868,1
3869,2
3870,1
3871,0
3872,2
3873,3
3874,0
3875,1
3876,0
3877,2
3878,1
3879,2
3880,0
3881,1
3882,1
3883,2
3884,1
3885,1
3886,1
3887,1
3888,3
3889,0
3890,1
3891,0
3892,1
3893,3
3894,0
3895,4
3896,2
3897,1
3898,2
3899,3
3900,2
3901,1
3902,2
3903,0
3904,0
3905,2
3906,0
3907,0
3908,-1
3909,0
3910,2
3911,0
3912,0
3913,2
3914,3
3915,1
3916,1
3917,-1
3918,3
3919,3
3920,1
3921,0
3922,4
3923,0
3924,1
3925,0
3926,1
3927,3
3928,1
3929,1
3930,0
3931,-1
3932,1
3933,3
3934,0
3935,1
3936,-1
3937,1
3938,3
3939,1
3940,0
3941,-1
3942,0
3943,3
3944,1
3945,0
3946,1
3947,3
3948,1
3949,0
3950,1
3951,2
3952,0
3953,2
3954,1
3955,1
3956,1
3957,3
3958,2
3959,0
3960,1
3961,4
3962,2
3963,3
3964,2
3965,1
3966,-1
3967,-1
3968,0
3969,2
3970,3
3971,1
3972,-1
3973,0
3974,0
3975,0
3976,3
3977,1
3978,2
3979,0
3980,-1
3981,3
3982,0
3983,0
3984,1
3985,1
3986,0
3987,3
3988,1
3989,0
3990,0
3991,1
3992,0
3993,2
3994,2
3995,2
3996,0
3997,1
3998,3
3999,0
4000,1
4001,0
4002,1
4003,0
4004,1
4005,0
4006,1
4007,2
4008,1
4009,-1
4010,1
4011,-1
4012,1
4013,1
4014,1
4015,1
4016,0
4017,4
4018,4
4019,1
4020,0
4021,0
4022,0
4023,3
4024,0
4025,1
4026,0
4027,3
4028,0
4029,2
4030,1
4031,3
4032,1
4033,1
4034,0
4035,3
4036,1
4037,1
4038,0
4039,3
4040,0
4041,1
4042,2
4043,0
4044,2
4045,2
4046,0
4047,2
4048,2
4049,2
4050,3
4051,1
4052,0
4053,1
4054,3
4055,3
4056,-1
4057,0
4058,3
4059,1
4060,2
4061,0
4062,0
4063,0
4064,0
4065,0
4066,0
4067,2
4068,1
4069,0
4070,0
4071,-1
4072,1
4073,3
4074,1
4075,1
4076,1
4077,0
4078,2
4079,0
4080,-1
4081,1
4082,2
4083,0
4084,0
4085,1
4086,3
4087,1
4088,-1
4089,1
4090,1
4091,0
4092,1
4093,0
4094,0
4095,0
4096,2
4097,0
4098,0
4099,1
4100,0
4101,0
4102,1
4103,0
4104,2
4105,1
4106,3
4107,3
4108,-1
4109,1
4110,1
4111,3
4112,1
4113,0
4114,2
4115,1
4116,0
4117,2
4118,0
4119,1
4120,2
4121,0
4122,1
4123,-1
4124,2
4125,0
4126,1
4127,3
4128,0
4129,-1
4130,3
4131,0
4132,-1
4133,1
4134,-1
4135,1
4136,1
4137,4
4138,1
4139,-1
4140,1
4141,1
4142,2
4143,0
4144,0
4145,0
4146,1
4147,3
4148,4
4149,1
4150,1
4151,1
4152,1
4153,3
4154,2
4155,1
4156,3
4157,1
4158,-1
4159,0
4160,3
4161,1
4162,4
4163,0
4164,1
4165,0
4166,0
4167,1
4168,0
4169,-1
4170,-1
4171,0
4172,0
4173,-1
4174,3
4175,4
4176,1
4177,3
4178,0
4179,1
4180,2
4181,-1
4182,1
4183,2
4184,2
4185,3
4186,3
4187,1
4188,3
4189,2
4190,3
4191,0
4192,1
4193,2
4194,4
4195,4
4196,1
4197,2
4198,-1
4199,4
4200,-1
4201,3
4202,3
4203,0
4204,1
4205,4
4206,1
4207,2
4208,3
4209,2
4210,-1
4211,1
4212,2
4213,1
4214,-1
4215,0
4216,1
4217,-1
4218,4
4219,0
4220,2
4221,1
4222,3
4223,0
4224,3
4225,2
4226,2
4227,2
4228,4
4229,1
4230,4
4231,2
4232,1
4233,2
4234,3
4235,1
4236,0
4237,0
4238,2
4239,1
4240,1
4241,0
4242,-1
4243,2
4244,3
4245,1
4246,2
4247,1
4248,1
4249,0
4250,1
4251,4
4252,0
4253,0
4254,2
4255,2
4256,4
4257,1
4258,1
4259,3
4260,-1
4261,3
4262,3
4263,0
4264,1
4265,3
4266,1
4267,1
4268,0
4269,1
4270,2
4271,2
4272,2
4273,-1
4274,0
4275,0
4276,1
4277,3
4278,0
4279,0
4280,3
4281,2
4282,1
4283,-1
4284,1
4285,1
4286,0
4287,1
4288,1
4289,3
4290,1
4291,1
4292,-1
4293,-1
4294,-1
4295,0
4296,2
4297,1
4298,2
4299,1
4300,3
4301,-1
4302,0
4303,2
4304,1
4305,0
4306,2
4307,3
4308,2
4309,2
4310,2
4311,-1
4312,0
4313,1
4314,0
4315,2
4316,0
4317,-1
4318,0
4319,2
4320,-1
4321,0
4322,1
4323,1
4324,3
4325,0
4326,1
4327,2
4328,-1
4329,1
4330,0
4331,-1
4332,-1
4333,1
4334,3
4335,2
4336,2
4337,0
4338,2
4339,1
4340,-1
4341,3
4342,2
4343,1
4344,1
4345,2
4346,-1
4347,0
4348,1
4349,1
4350,1
4351,0
4352,3
4353,1
4354,3
4355,3
4356,1
4357,0
4358,3
4359,0
4360,3
4361,0
4362,0
4363,0
4364,1
4365,3
4366,1
4367,3
4368,0
4369,3
4370,1
4371,1
4372,0
4373,3
4374,2
4375,1
4376,3
4377,0
4378,1
4379,1
4380,0
4381,3
4382,1
4383,1
4384,0
4385,-1
4386,3
4387,1
4388,1
4389,1
4390,2
4391,2
4392,1
4393,1
4394,1
4395,3
4396,4
4397,1
4398,4
4399,2
4400,0
4401,3
4402,0
4403,1
4404,0
4405,2
4406,4
4407,3
4408,2
4409,2
4410,0
4411,4
4412,0
4413,0
4414,0
4415,1
4416,3
4417,4
4418,-1
4419,0
4420,2
4421,1
4422,1
4423,0
4424,3
4425,-1
4426,0
4427,1
4428,1
4429,0
4430,3
4431,0
4432,3
4433,-1
4434,1
4435,2
4436,2
4437,1
4438,-1
4439,0
4440,1
4441,2
4442,4
4443,2
4444,1
4445,-1
4446,1
4447,3
4448,3
4449,0
4450,4
4451,1
4452,0
4453,0
4454,-1
4455,0
4456,1
4457,1
4458,2
4459,0
4460,2
4461,0
4462,3
4463,1
4464,1
4465,2
4466,2
4467,1
4468,4
4469,1
4470,1
4471,3
4472,3
4473,3
4474,4
4475,3
4476,1
4477,0
4478,2
4479,0
4480,1
4481,-1
4482,1
4483,3
4484,0
4485,0
4486,1
4487,1
4488,1
4489,0
4490,1
4491,3
4492,0
4493,-1
4494,0
4495,1
4496,0
4497,3
4498,0
4499,2
4500,3
4501,1
4502,2
4503,1
4504,4
4505,1
4506,0
4507,4
4508,1
4509,0
4510,1
4511,2
4512,3
4513,0
4514,1
4515,1
4516,1
4517,1
4518,1
4519,1
4520,4
4521,2
4522,3
4523,3
4524,0
4525,3
4526,0
4527,3
4528,0
4529,2
4530,1
4531,-1
4532,1
4533,0
4534,1
4535,1
4536,3
4537,3
4538,3
4539,2
4540,3
4541,2
4542,1
4543,2
4544,2
4545,2
4546,1
4547,3
4548,-1
4549,0
4550,1
4551,3
4552,2
4553,2
4554,2
4555,1
4556,-1
4557,1
4558,4
4559,1
4560,0
4561,3
4562,4
4563,2
4564,0
4565,4
4566,0
4567,1
4568,4
4569,4
4570,0
4571,0
4572,1
4573,1
4574,-1
4575,1
4576,2
4577,2
4578,-1
4579,1
4580,0
4581,-1
4582,4
4583,0
4584,1
4585,1
4586,1
4587,0
4588,1
4589,2
4590,2
4591,0
4592,2
4593,3
4594,2
4595,0
4596,3
4597,4
4598,1
4599,-1
4600,-1
4601,1
4602,0
4603,3
4604,4
4605,0
4606,3
4607,0
4608,2
4609,0
4610,1
4611,2
4612,0
4613,2
4614,1
4615,2
4616,3
4617,0
4618,1
4619,0
4620,3
4621,3
4622,4
4623,0
4624,-1
4625,1
4626,0
4627,2
4628,2
4629,3
4630,1
4631,3
4632,-1
4633,1
4634,1
4635,0
4636,1
4637,0
4638,1
4639,1
4640,0
4641,3
4642,0
4643,1
4644,2
4645,1
4646,0
4647,0
4648,1
4649,0
4650,4
4651,3
4652,3
4653,0
4654,0
4655,3
4656,0
4657,2
4658,0
4659,3
4660,0
4661,1
4662,1
4663,-1
4664,0
4665,2
4666,1
4667,3
4668,3
4669,1
4670,3
4671,2
4672,1
4673,-1
4674,3
4675,0
4676,-1
4677,1
4678,2
4679,1
4680,1
4681,2
4682,-1
4683,3
4684,0
4685,0
4686,0
4687,1
4688,0
4689,3
4690,0
4691,0
4692,2
4693,2
4694,0
4695,3
4696,1
4697,3
4698,2
4699,3
4700,1
4701,0
4702,0
4703,1
4704,0
4705,3
4706,1
4707,1
4708,-1
4709,1
4710,4
4711,3
4712,1
4713,2
4714,0
4715,4
4716,1
4717,0
4718,3
4719,4
4720,0
4721,3
4722,-1
4723,0
4724,0
4725,-1
4726,1
4727,3
4728,3
4729,1
4730,0
4731,1
4732,3
4733,2
4734,2
4735,-1
4736,3
4737,0
4738,0
4739,0
4740,0
4741,3
4742,1
4743,0
4744,1
4745,0
4746,2
4747,0
4748,0
4749,1
4750,0
4751,1
4752,0
4753,1
4754,0
4755,3
4756,1
4757,0
4758,1
4759,1
4760,1
4761,2
4762,1
4763,1
4764,-1
4765,0
4766,2
4767,0
4768,2
4769,0
4770,3
4771,0
4772,2
4773,1
4774,1
4775,1
4776,0
4777,2
4778,-1
4779,3
4780,0
4781,3
4782,0
4783,2
4784,-1
4785,-1
4786,2
4787,3
4788,0
4789,-1
4790,1
4791,2
4792,2
4793,-1
4794,2
4795,1
4796,0
4797,1
4798,4
4799,3
4800,0
4801,2
4802,1
4803,0
4804,-1
4805,-1
4806,2
4807,0
4808,2
4809,3
4810,1
4811,0
4812,0
4813,3
4814,0
4815,1
4816,2
4817,1
4818,0
4819,3
4820,1
4821,1
4822,-1
4823,1
4824,3
4825,2
4826,1
4827,4
4828,1
4829,1
4830,1
4831,2
4832,3
4833,4
4834,3
4835,0
4836,0
4837,0
4838,0
4839,3
4840,2
4841,1
4842,3
4843,1
4844,1
4845,1
4846,0
4847,2
4848,1
4849,1
4850,-1
4851,0
4852,-1
4853,3
4854,1
4855,3
4856,1
4857,3
4858,2
4859,3
4860,1
4861,3
4862,1
4863,0
4864,2
4865,1
4866,3
4867,2
4868,1
4869,1
4870,0
4871,3
4872,3
4873,0
4874,3
4875,2
4876,-1
4877,0
4878,3
4879,1
4880,0
4881,1
4882,2
4883,3
4884,2
4885,3
4886,2
4887,3
4888,3
4889,1
4890,3
4891,1
4892,1
4893,3
4894,3
4895,4
4896,1
4897,3
4898,0
4899,2
4900,1
4901,1
4902,0
4903,1
4904,1
4905,1
4906,1
4907,1
4908,0
4909,0
4910,4
4911,1
4912,4
4913,3
4914,0
4915,2
4916,0
4917,1
4918,0
4919,1
4920,1
4921,1
4922,4
4923,0
4924,3
4925,1
4926,0
4927,1
4928,2
4929,3
4930,2
4931,2
4932,2
4933,2
4934,0
4935,-1
4936,0
4937,3
4938,2
4939,3
4940,1
4941,0
4942,0
4943,0
4944,2
4945,1
4946,1
4947,2
4948,0
4949,0
4950,1
4951,3
4952,0
4953,0
4954,-1
4955,0
4956,2
4957,0
4958,3
4959,1
4960,1
4961,4
4962,-1
4963,3
4964,3
4965,1
4966,4
4967,3
4968,0
4969,1
4970,1
4971,2
4972,-1
4973,0
4974,3
4975,1
4976,-1
4977,0
4978,2
4979,1
4980,3
4981,1
4982,-1
4983,1
4984,1
4985,0
4986,2
4987,0
4988,2
4989,0
4990,3
4991,4
4992,-1
4993,3
4994,0
4995,0
4996,-1
4997,1
4998,1
4999,2
5000,3
5001,1
5002,2
5003,2
5004,4
5005,2
5006,2
5007,3
5008,1
5009,1
5010,1
5011,0
5012,2
5013,1
5014,1
5015,0
5016,1
5017,0
5018,1
5019,0
5020,1
5021,3
5022,1
5023,1
5024,2
5025,0
5026,3
5027,1
5028,2
5029,2
5030,3
5031,1
5032,-1
5033,4
5034,3
5035,0
5036,0
5037,1
5038,-1
5039,1
5040,0
5041,3
5042,-1
5043,2
5044,1
5045,0
5046,1
5047,0
5048,1
5049,3
5050,2
5051,1
5052,4
5053,1
5054,1
5055,3
5056,3
5057,4
5058,3
5059,4
5060,3
5061,0
5062,0
5063,1
5064,3
5065,1
5066,0
5067,2
5068,0
5069,0
5070,3
5071,2
5072,1
5073,2
5074,3
5075,1
5076,1
5077,0
5078,1
5079,0
5080,1
5081,3
5082,2
5083,0
5084,2
5085,0
5086,1
5087,2
5088,1
5089,1
5090,3
5091,1
5092,0
5093,3
5094,1
5095,3
5096,0
5097,0
5098,1
5099,2
5100,2
5101,4
5102,0
5103,3
5104,3
5105,2
5106,1
5107,0
5108,1
5109,1
5110,3
5111,1
5112,-1
5113,3
5114,3
5115,2
5116,1
5117,3
5118,-1
5119,1
5120,1
5121,0
5122,-1
5123,0
5124,0
5125,2
5126,0
5127,3
5128,1
5129,1
5130,1
5131,3
5132,-1
5133,3
5134,0
5135,1
5136,1
5137,1
5138,3
5139,4
5140,1
5141,0
5142,3
5143,1
5144,4
5145,0
5146,4
5147,3
5148,3
5149,1
5150,2
5151,4
5152,0
5153,1
5154,0
5155,0
5156,1
5157,3
5158,0
5159,1
5160,3
5161,0
5162,0
5163,0
5164,1
5165,1
5166,0
5167,1
5168,1
5169,2
5170,2
5171,0
5172,0
5173,3
5174,1
5175,1
5176,1
5177,-1
5178,0
5179,3
5180,0
5181,4
5182,1
5183,3
5184,0
5185,1
5186,2
5187,3
5188,-1
5189,1
5190,3
5191,0
5192,0
5193,-1
5194,1
5195,-1
5196,3
5197,1
5198,-1
5199,2
5200,3
5201,4
5202,1
5203,0
5204,0
5205,1
5206,3
5207,3
5208,1
5209,0
5210,2
5211,0
5212,1
5213,2
5214,4
5215,2
5216,4
5217,1
5218,1
5219,3
5220,4
5221,1
5222,3
5223,3
5224,2
5225,-1
5226,-1
5227,2
5228,2
5229,1
5230,3
5231,3
5232,0
5233,1
5234,2
5235,2
5236,3
5237,0
5238,1
5239,3
5240,1
5241,4
5242,3
5243,0
5244,3
5245,0
5246,1
5247,2
5248,3
5249,1
5250,3
5251,3
5252,0
5253,-1
5254,1
5255,1
5256,1
5257,0
5258,3
5259,3
5260,3
5261,4
5262,3
5263,3
5264,1
5265,0
5266,0
5267,1
5268,3
5269,0
5270,0
5271,0
5272,-1
5273,1
5274,0
5275,1
5276,1
5277,-1
5278,1
5279,-1
5280,1
5281,1
5282,4
5283,3
5284,0
5285,0
5286,3
5287,-1
5288,3
5289,3
5290,1
5291,3
5292,2
5293,0
5294,1
5295,0
5296,0
5297,0
5298,-1
5299,3
5300,0
5301,1
5302,3
5303,1
5304,3
5305,3
5306,1
5307,2
5308,-1
5309,3
5310,1
5311,1
5312,0
5313,-1
5314,2
5315,2
5316,1
5317,3
5318,1
5319,0
5320,1
5321,3
5322,3
5323,0
5324,0
5325,1
5326,-1
5327,1
5328,0
5329,3
5330,0
5331,2
5332,2
5333,4
5334,2
5335,2
5336,2
5337,3
5338,1
5339,-1
5340,1
5341,0
5342,1
5343,1
5344,1
5345,0
5346,1
5347,1
5348,1
5349,0
5350,3
5351,1
5352,0
5353,0
5354,1
5355,1
5356,4
5357,1
5358,-1
5359,1
5360,0
5361,1
5362,1
5363,0
5364,1
5365,1
5366,0
5367,3
5368,-1
5369,0
5370,0
5371,0
5372,2
5373,2
5374,0
5375,-1
5376,3
5377,1
5378,3
5379,-1
5380,0
5381,0
5382,0
5383,4
5384,0
5385,4
5386,2
5387,0
5388,1
5389,0
5390,0
5391,0
5392,1
5393,1
5394,0
5395,1
5396,3
5397,1
5398,0
5399,2
5400,1
5401,1
5402,0
5403,0
5404,1
5405,2
5406,-1
5407,1
5408,0
5409,1
5410,0
5411,0
5412,0
5413,0
5414,0
5415,0
5416,3
5417,0
5418,-1
5419,1
5420,3
5421,1
5422,0
5423,0
5424,3
5425,3
5426,3
5427,1
5428,3
5429,-1
5430,3
5431,3
5432,3
5433,0
5434,0
5435,0
5436,1
5437,2
5438,3
5439,0
5440,0
5441,2
5442,3
5443,3
5444,1
5445,1
5446,1
5447,2
5448,4
5449,0
5450,1
5451,0
5452,4
5453,1
5454,2
5455,3
5456,1
5457,2
5458,4
5459,3
5460,1
5461,4
5462,-1
5463,0
5464,-1
5465,3
5466,0
5467,2
5468,1
5469,0
5470,4
5471,1
5472,1
5473,1
5474,1
5475,1
5476,1
5477,0
5478,1
5479,3
5480,0
5481,0
5482,2
5483,0
5484,0
5485,-1
5486,-1
5487,3
5488,-1
5489,4
5490,1
5491,2
5492,1
5493,4
5494,2
5495,1
5496,3
5497,4
5498,1
5499,0
5500,1
5501,2
5502,0
5503,2
5504,4
5505,2
5506,3
5507,0
5508,0
5509,1
5510,4
5511,0
5512,1
5513,1
5514,1
5515,1
5516,1
5517,3
5518,0
5519,0
5520,0
5521,1
5522,0
5523,1
5524,1
5525,1
5526,0
5527,3
5528,0
5529,2
5530,3
5531,1
5532,0
5533,2
5534,2
5535,3
5536,2
5537,3
5538,0
5539,1
5540,2
5541,3
5542,-1
5543,0
5544,1
5545,1
5546,0
5547,1
5548,-1
5549,1
5550,1
5551,3
5552,-1
5553,0
5554,3
5555,1
5556,3
5557,0
5558,3
5559,1
5560,1
5561,0
5562,0
5563,1
5564,1
5565,2
5566,0
5567,1
5568,0
5569,0
5570,3
5571,3
5572,1
5573,1
5574,2
5575,1
5576,3
5577,3
5578,3
5579,3
5580,4
5581,1
5582,1
5583,1
5584,1
5585,0
5586,1
5587,0
5588,2
5589,2
5590,0
5591,0
5592,0
5593,3
5594,0
5595,2
5596,4
5597,1
5598,4
5599,1
5600,0
5601,0
5602,0
5603,3
5604,0
5605,0
5606,2
5607,0
5608,1
5609,0
5610,0
5611,2
5612,3
5613,2
5614,1
5615,3
5616,2
5617,0
5618,2
5619,1
5620,3
5621,3
5622,4
5623,2
5624,3
5625,2
5626,-1
5627,1
5628,0
5629,3
5630,-1
5631,3
5632,0
5633,2
5634,-1
5635,-1
5636,0
5637,2
5638,1
5639,0
5640,-1
5641,0
5642,3
5643,2
5644,2
5645,1
5646,0
5647,0
5648,3
5649,1
5650,3
5651,2
5652,3
5653,0
5654,1
5655,1
5656,3
5657,3
5658,3
5659,3
5660,2
5661,4
5662,0
5663,3
5664,3
5665,4
5666,-1
5667,-1
5668,3
5669,0
5670,1
5671,-1
5672,3
5673,1
5674,1
5675,0
5676,2
5677,0
5678,1
5679,3
5680,0
5681,2
5682,0
5683,1
5684,0
5685,3
5686,1
5687,1
5688,0
5689,3
5690,0
5691,0
5692,-1
5693,3
5694,1
5695,1
5696,4
5697,1
5698,3
5699,3
5700,0
5701,3
5702,-1
5703,0
5704,0
5705,4
5706,2
5707,3
5708,3
5709,1
5710,-1
5711,0
5712,0
5713,1
5714,3
5715,0
5716,1
5717,0
5718,1
5719,1
5720,4
5721,0
5722,2
5723,1
5724,-1
5725,-1
5726,-1
5727,0
5728,3
5729,3
5730,1
5731,-1
5732,2
5733,-1
5734,3
5735,0
5736,0
5737,-1
5738,3
5739,3
5740,-1
5741,0
5742,1
5743,2
5744,3
5745,0
5746,0
5747,3
5748,1
5749,2
5750,3
5751,1
5752,0
5753,2
5754,0
5755,3
5756,0
5757,1
5758,2
5759,-1
5760,0
5761,2
5762,1
5763,3
5764,0
5765,2
5766,3
5767,-1
5768,2
5769,3
5770,-1
5771,1
5772,-1
5773,3
5774,-1
5775,0
5776,1
5777,3
5778,3
5779,-1
5780,4
5781,3
5782,0
5783,3
5784,0
5785,0
5786,-1
5787,3
5788,1
5789,0
5790,2
5791,2
5792,2
5793,-1
5794,1
5795,3
5796,0
5797,4
5798,1
5799,0
5800,0
5801,0
5802,0
5803,0
5804,1
5805,3
5806,3
5807,1
5808,3
5809,3
5810,0
5811,1
5812,1
5813,-1
5814,0
5815,1
5816,3
5817,-1
5818,0
5819,3
5820,2
5821,1
5822,0
5823,4
5824,1
5825,0
5826,1
5827,0
5828,0
5829,1
5830,0
5831,1
5832,1
5833,4
5834,3
5835,0
5836,1
5837,3
5838,0
5839,1
5840,0
5841,-1
5842,0
5843,0
5844,3
5845,3
5846,2
5847,1
5848,2
5849,3
5850,1
5851,0
5852,1
5853,4
5854,3
5855,3
5856,1
5857,3
5858,2
5859,3
5860,1
5861,1
5862,1
5863,0
5864,2
5865,0
5866,1
5867,2
5868,2
5869,1
5870,0
5871,4
5872,3
5873,1
5874,3
5875,-1
5876,3
5877,2
5878,3
5879,3
5880,4
5881,1
5882,3
5883,2
5884,0
5885,2
5886,3
5887,4
5888,0
5889,1
5890,1
5891,0
5892,3
5893,4
5894,1
5895,0
5896,3
5897,1
5898,3
5899,3
5900,0
5901,-1
5902,2
5903,0
5904,2
5905,3
5906,2
5907,1
5908,2
5909,-1
5910,3
5911,2
5912,1
5913,0
5914,0
5915,0
5916,0
5917,-1
5918,0
5919,-1
5920,1
5921,3
5922,3
5923,2
5924,0
5925,1
5926,0
5927,-1
5928,3
5929,1
5930,3
5931,-1
5932,2
5933,0
5934,0
5935,1
5936,1
5937,1
5938,0
5939,1
5940,3
5941,1
5942,4
5943,0
5944,-1
5945,1
5946,0
5947,0
5948,1
5949,1
5950,-1
5951,3
5952,1
5953,-1
5954,0
5955,3
5956,4
5957,1
5958,0
5959,3
5960,2
5961,3
5962,1
5963,-1
5964,1
5965,1
5966,2
5967,-1
5968,0
5969,0
5970,0
5971,2
5972,1
5973,0
5974,0
5975,1
5976,1
5977,0
5978,3
5979,1
5980,2
5981,2
5982,0
5983,-1
5984,3
5985,3
5986,1
5987,3
5988,0
5989,0
5990,0
5991,-1
5992,-1
5993,0
5994,-1
5995,1
5996,0
5997,1
5998,0
5999,0
6000,2
6001,0
6002,3
6003,1
6004,-1
6005,1
6006,3
6007,3
6008,0
6009,1
6010,0
6011,2
6012,1
6013,0
6014,1
6015,0
6016,0
6017,0
6018,3
6019,1
6020,0
6021,1
6022,4
6023,0
6024,3
6025,3
6026,3
6027,1
6028,1
6029,4
6030,1
6031,3
6032,1
6033,1
6034,2
6035,2
6036,3
6037,0
6038,1
6039,-1
6040,1
6041,1
6042,0
6043,1
6044,3
6045,0
6046,-1
6047,4
6048,3
6049,1
6050,1
6051,2
6052,0
6053,0
6054,3
6055,1
6056,3
6057,1
6058,3
6059,2
6060,1
6061,2
6062,4
6063,1
6064,2
6065,1
6066,0
6067,-1
6068,1
6069,3
6070,-1
6071,2
6072,1
6073,0
6074,0
6075,0
6076,1
6077,1
6078,-1
6079,0
6080,1
6081,1
6082,4
6083,0
6084,1
6085,3
6086,3
6087,0
6088,2
6089,0
6090,1
6091,1
6092,3
6093,-1
6094,1
6095,3
6096,1
6097,1
6098,1
6099,1
6100,1
6101,3
6102,1
6103,1
6104,1
6105,1
6106,0
6107,-1
6108,1
6109,1
6110,3
6111,2
6112,0
6113,3
6114,-1
6115,4
6116,0
6117,0
6118,2
6119,4
6120,0
6121,1
6122,3
6123,0
6124,-1
6125,1
6126,-1
6127,2
6128,1
6129,0
6130,0
6131,1
6132,0
6133,1
6134,1
6135,2
6136,-1
6137,3
6138,4
6139,1
6140,0
6141,1
6142,2
6143,0
6144,0
6145,3
6146,4
6147,1
6148,3
6149,3
6150,1
6151,1
6152,0
6153,1
6154,3
6155,1
6156,1
6157,1
6158,1
6159,0
6160,3
6161,4
6162,1
6163,3
6164,2
6165,1
6166,4
6167,4
6168,0
6169,3
6170,1
6171,3
6172,-1
6173,3
6174,1
6175,1
6176,1
6177,2
6178,3
6179,4
6180,0
6181,0
6182,1
6183,3
6184,1
6185,2
6186,4
6187,0
6188,0
6189,2
6190,3
6191,3
6192,0
6193,3
6194,3
6195,2
6196,4
6197,0
6198,1
6199,1
6200,0
6201,3
6202,4
6203,2
6204,1
6205,-1
6206,1
6207,3
6208,-1
6209,3
6210,1
6211,0
6212,0
6213,-1
6214,2
6215,-1
6216,1
6217,3
6218,3
6219,1
6220,0
6221,3
6222,1
6223,-1
6224,3
6225,3
6226,3
6227,3
6228,-1
6229,0
6230,1
6231,0
6232,3
6233,3
6234,3
6235,0
6236,0
6237,0
6238,1
6239,-1
6240,0
6241,0
6242,1
6243,3
6244,0
6245,4
6246,-1
6247,0
6248,2
6249,3
6250,0
6251,0
6252,4
6253,3
6254,3
6255,0
6256,3
6257,0
6258,1
6259,0
6260,2
6261,2
6262,0
6263,3
6264,1
6265,1
6266,0
6267,3
6268,1
6269,0
6270,-1
6271,3
6272,-1
6273,2
6274,0
6275,2
6276,1
6277,0
6278,3
6279,1
6280,3
6281,1
6282,1
6283,3
6284,1
6285,0
6286,1
6287,1
6288,4
6289,3
6290,2
6291,0
6292,1
6293,4
6294,0
6295,3
6296,1
6297,1
6298,3
6299,3
6300,0
6301,0
6302,3
6303,1
6304,1
6305,1
6306,1
6307,0
6308,4
6309,3
6310,0
6311,3
6312,1
6313,0
6314,4
6315,1
6316,1
6317,1
6318,0
6319,1
6320,1
6321,3
6322,-1
6323,1
6324,0
6325,1
6326,1
6327,3
6328,0
6329,1
6330,0
6331,1
6332,2
6333,4
6334,1
6335,0
6336,1
6337,3
6338,0
6339,2
6340,3
6341,4
6342,3
6343,2
6344,4
6345,3
6346,0
6347,1
6348,-1
6349,1
6350,0
6351,0
6352,2
6353,3
6354,2
6355,0
6356,2
6357,2
6358,-1
6359,0
6360,4
6361,-1
6362,3
6363,3
6364,0
6365,3
6366,4
6367,0
6368,1
6369,3
6370,-1
6371,0
6372,1
6373,2
6374,1
6375,3
6376,0
6377,-1
6378,4
6379,2
6380,1
6381,1
6382,-1
6383,3
6384,0
6385,3
6386,-1
6387,4
6388,3
6389,2
6390,1
6391,0
6392,1
6393,0
6394,1
6395,3
6396,3
6397,0
6398,2
6399,2
6400,2
6401,0
6402,0
6403,3
6404,2
6405,1
6406,-1
6407,3
6408,0
6409,2
6410,1
6411,4
6412,0
6413,0
6414,1
6415,3
6416,0
6417,1
6418,1
6419,1
6420,3
6421,0
6422,4
6423,1
6424,1
6425,1
6426,1
6427,3
6428,1
6429,1
6430,0
6431,1
6432,3
6433,1
6434,1
6435,1
6436,0
6437,0
6438,1
6439,2
6440,1
6441,2
6442,3
6443,1
6444,-1
6445,0
6446,3
6447,3
6448,1
6449,0
6450,2
6451,1
6452,1
6453,2
6454,3
6455,4
6456,2
6457,1
6458,3
6459,1
6460,3
6461,1
6462,0
6463,2
6464,0
6465,0
6466,-1
6467,1
6468,0
6469,0
6470,1
6471,2
6472,-1
6473,2
6474,0
6475,2
6476,3
6477,-1
6478,4
6479,4
6480,1
6481,2
6482,3
6483,1
6484,1
6485,0
6486,3
6487,3
6488,1
6489,1
6490,1
6491,1
6492,-1
6493,3
6494,4
6495,3
6496,1
6497,3
6498,0
6499,1
6500,1
6501,0
6502,2
6503,3
6504,3
6505,1
6506,0
6507,1
6508,3
6509,0
6510,3
6511,3
6512,1
6513,-1
6514,1
6515,3
6516,1
6517,-1
6518,3
6519,-1
6520,3
6521,4
6522,2
6523,3
6524,3
6525,0
6526,3
6527,3
6528,3
6529,3
6530,0
6531,-1
6532,0
6533,1
6534,0
6535,3
6536,3
6537,3
6538,0
6539,3
6540,0
6541,3
6542,0
6543,3
6544,2
6545,0
6546,0
6547,3
6548,2
6549,-1
6550,-1
6551,-1
6552,0
6553,1
6554,1
6555,3
6556,1
6557,0
6558,-1
6559,3
6560,1
6561,4
6562,0
6563,-1
6564,0
6565,0
6566,0
6567,0
6568,0
6569,3
6570,3
6571,2
6572,0
6573,-1
6574,3
6575,3
6576,0
6577,2
6578,3
6579,2
6580,2
6581,1
6582,2
6583,3
6584,0
6585,3
6586,0
6587,1
6588,3
6589,0
6590,0
6591,0
6592,3
6593,0
6594,2
6595,0
6596,0
6597,3
6598,0
6599,0
6600,1
6601,0
6602,1
6603,1
6604,0
6605,2
6606,0
6607,-1
6608,3
6609,1
6610,1
6611,1
6612,4
6613,1
6614,0
6615,2
6616,1
6617,3
6618,3
6619,0
6620,1
6621,0
6622,4
6623,1
6624,1
6625,3
6626,1
6627,1
6628,4
6629,1
6630,3
6631,1
6632,1
6633,-1
6634,1
6635,1
6636,3
6637,2
6638,1
6639,0
6640,1
6641,0
6642,-1
6643,-1
6644,-1
6645,0
6646,4
6647,1
6648,2
6649,3
6650,3
6651,-1
6652,2
6653,0
6654,0
6655,3
6656,3
6657,0
6658,0
6659,-1
6660,-1
6661,1
6662,2
6663,2
6664,3
6665,3
6666,1
6667,0
6668,3
6669,4
6670,1
6671,0
6672,3
6673,1
6674,0
6675,-1
6676,0
6677,1
6678,1
6679,0
6680,2
6681,4
6682,1
6683,0
6684,3
6685,4
6686,1
6687,3
6688,3
6689,1
6690,0
6691,1
6692,0
6693,1
6694,3
6695,0
6696,1
6697,3
6698,3
6699,3
6700,2
6701,0
6702,4
6703,1
6704,1
6705,1
6706,1
6707,-1
6708,3
6709,1
6710,1
6711,3
6712,4
6713,1
6714,-1
6715,3
6716,0
6717,3
6718,0
6719,1
6720,1
6721,3
6722,1
6723,2
6724,3
6725,2
6726,1
6727,2
6728,1
6729,0
6730,3
6731,3
6732,-1
6733,1
6734,2
6735,3
6736,4
6737,1
6738,4
6739,3
6740,3
6741,3
6742,4
6743,0
6744,1
6745,3
6746,-1
6747,1
6748,3
6749,1
6750,1
6751,1
6752,1
6753,3
6754,-1
6755,1
6756,-1
6757,1
6758,1
6759,0
6760,-1
6761,4
6762,2
6763,3
6764,3
6765,2
6766,2
6767,0
6768,0
6769,3
6770,0
6771,0
6772,2
6773,2
6774,2
6775,3
6776,2
6777,3
6778,3
6779,3
6780,0
6781,1
6782,3
6783,2
6784,3
6785,0
6786,0
6787,0
6788,1
6789,2
6790,3
6791,-1
6792,0
6793,3
6794,1
6795,3
6796,3
6797,3
6798,1
6799,1
6800,0
6801,3
6802,0
6803,1
6804,3
6805,3
6806,0
6807,1
6808,1
6809,1
6810,-1
6811,2
6812,3
6813,3
6814,-1
6815,2
6816,3
6817,0
6818,1
6819,3
6820,3
6821,1
6822,0
6823,2
6824,2
6825,1
6826,0
6827,1
6828,3
6829,1
6830,1
6831,3
6832,0
6833,1
6834,3
6835,1
6836,3
6837,1
6838,-1
6839,-1
6840,3
6841,0
6842,0
6843,-1
6844,1
6845,3
6846,3
6847,-1
6848,0
6849,3
6850,1
6851,0
6852,3
6853,3
6854,0
6855,-1
6856,3
6857,3
6858,0
6859,3
6860,3
6861,1
6862,2
6863,1
6864,0
6865,1
6866,4
6867,0
6868,4
6869,1
6870,2
6871,3
6872,0
6873,3
6874,0
6875,1
6876,3
6877,0
6878,0
6879,2
6880,3
6881,2
6882,-1
6883,1
6884,0
6885,1
6886,3
6887,1
6888,3
6889,4
6890,3
6891,0
6892,0
6893,1
6894,0
6895,1
6896,3
6897,1
6898,-1
6899,2
6900,4
6901,0
6902,3
6903,1
6904,3
6905,4
6906,3
6907,1
6908,0
6909,-1
6910,0
6911,3
6912,2
6913,3
6914,0
6915,0
6916,1
6917,-1
6918,3
6919,2
6920,3
6921,1
6922,3
6923,3
6924,1
6925,1
6926,0
6927,0
6928,3
6929,3
6930,3
6931,3
6932,0
6933,1
6934,0
6935,1
6936,3
6937,-1
6938,3
6939,0
6940,3
6941,0
6942,0
6943,0
6944,1
6945,0
6946,3
6947,2
6948,3
6949,4
6950,2
6951,-1
6952,3
6953,1
6954,3
6955,0
6956,0
6957,1
6958,0
6959,0
6960,1
6961,3
6962,2
6963,1
6964,4
6965,1
6966,4
6967,3
6968,0
6969,-1
6970,3
6971,2
6972,1
6973,-1
6974,2
6975,-1
6976,0
6977,1
6978,1
6979,3
6980,1
6981,3
6982,3
6983,1
6984,3
6985,2
6986,1
6987,3
6988,1
6989,3
6990,1
6991,-1
6992,1
6993,-1
6994,3
6995,0
6996,3
6997,4
6998,3
6999,3
7000,1
7001,2
7002,2
7003,0
7004,1
7005,2
7006,2
7007,3
7008,1
7009,3
7010,0
7011,0
7012,0
7013,1
7014,2
7015,0
7016,1
7017,1
7018,3
7019,1
7020,1
7021,0
7022,3
7023,1
7024,0
7025,3
7026,3
7027,0
7028,3
7029,1
7030,-1
7031,3
7032,3
7033,0
7034,0
7035,3
7036,3
7037,3
7038,3
7039,-1
7040,0
7041,4
7042,0
7043,-1
7044,-1
7045,2
7046,1
7047,3
7048,3
7049,2
7050,4
7051,3
7052,3
7053,4
7054,0
7055,1
7056,0
7057,0
7058,3
7059,2
7060,-1
7061,0
7062,-1
7063,-1
7064,0
7065,0
7066,0
7067,3
7068,-1
7069,3
7070,0
7071,3
7072,2
7073,-1
7074,2
7075,0
7076,0
7077,4
7078,1
7079,3
7080,0
7081,1
7082,3
7083,3
7084,3
7085,1
7086,1
7087,3
7088,3
7089,3
7090,-1
7091,3
7092,1
7093,3
7094,1
7095,0
7096,3
7097,3
7098,1
7099,-1
7100,2
7101,3
7102,1
7103,1
7104,3
7105,0
7106,1
7107,3
7108,0
7109,0
7110,2
7111,1
7112,0
7113,-1
7114,3
7115,3
7116,2
7117,-1
7118,1
7119,2
7120,3
7121,3
7122,1
7123,1
7124,1
7125,3
7126,3
7127,1
7128,3
7129,0
7130,2
7131,0
7132,0
7133,0
7134,1
7135,0
7136,2
7137,3
7138,1
7139,1
7140,3
7141,1
7142,3
7143,1
7144,0
7145,3
7146,3
7147,3
7148,3
7149,3
7150,1
7151,3
7152,1
7153,2
7154,3
7155,3
7156,0
7157,4
7158,1
7159,3
7160,0
7161,4
7162,1
7163,2
7164,3
7165,0
7166,3
7167,-1
7168,2
7169,0
7170,0
7171,-1
7172,1
7173,-1
7174,2
7175,1
7176,3
7177,2
7178,1
7179,1
7180,3
7181,0
7182,1
7183,3
7184,3
7185,3
7186,3
7187,1
7188,1
7189,3
7190,1
7191,3
7192,0
7193,0
7194,3
7195,1
7196,3
7197,0
7198,0
7199,-1
7200,0
7201,1
7202,0
7203,0
7204,4
7205,2
7206,3
7207,2
7208,1
7209,2
7210,0
7211,0
7212,1
7213,4
7214,2
7215,2
7216,1
7217,4
7218,0
7219,0
7220,1
7221,2
7222,1
7223,3
7224,1
7225,0
7226,3
7227,0
7228,0
7229,3
7230,1
7231,0
7232,1
7233,4
7234,1
7235,-1
7236,0
7237,3
7238,0
7239,4
7240,0
7241,-1
7242,3
7243,4
7244,-1
7245,1
7246,3
7247,0
7248,3
7249,2
7250,0
7251,1
7252,1
7253,3
7254,1
7255,4
7256,0
7257,3
7258,0
7259,-1
7260,3
7261,2
7262,3
7263,1
7264,3
7265,1
7266,1
7267,2
7268,3
7269,3
7270,1
7271,1
7272,1
7273,4
7274,0
7275,-1
7276,0
7277,1
7278,4
7279,-1
7280,0
7281,3
7282,3
7283,1
7284,3
7285,2
7286,1
7287,3
7288,0
7289,3
7290,4
7291,0
7292,-1
7293,2
7294,3
7295,2
7296,0
7297,0
7298,1
7299,2
7300,3
7301,3
7302,0
7303,1
7304,1
7305,3
7306,3
7307,-1
7308,1
7309,1
7310,3
7311,1
7312,2
7313,2
7314,0
7315,1
7316,3
7317,3
7318,2
7319,1
7320,1
7321,3
7322,3
7323,0
7324,0
7325,3
7326,0
7327,0
7328,3
7329,0
7330,1
7331,2
7332,3
7333,0
7334,2
7335,0
7336,1
7337,1
7338,0
7339,-1
7340,3
7341,3
7342,1
7343,0
7344,0
7345,3
7346,3
7347,3
7348,3
7349,3
7350,1
7351,-1
7352,-1
7353,3
7354,3
7355,3
7356,3
7357,3
7358,2
7359,-1
7360,2
7361,1
7362,3
7363,4
7364,3
7365,1
7366,3
7367,0
7368,3
7369,1
7370,1
7371,3
7372,1
7373,1
7374,2
7375,-1
7376,3
7377,3
7378,-1
7379,1
7380,2
7381,2
7382,1
7383,2
7384,4
7385,3
7386,0
7387,3
7388,1
7389,1
7390,-1
7391,3
7392,3
7393,0
7394,0
7395,3
7396,0
7397,-1
7398,0
7399,3
7400,-1
7401,3
7402,-1
7403,0
7404,3
7405,0
7406,1
7407,4
7408,1
7409,3
7410,0
7411,2
7412,4
7413,0
7414,-1
7415,2
7416,3
7417,1
7418,2
7419,1
7420,0
7421,2
7422,1
7423,2
7424,2
7425,0
7426,0
7427,1
7428,4
7429,1
7430,0
7431,3
7432,-1
7433,1
7434,2
7435,-1
7436,1
7437,0
7438,3
7439,2
7440,3
7441,1
7442,1
7443,4
7444,1
7445,0
7446,1
7447,1
7448,3
7449,3
7450,0
7451,0
7452,2
7453,-1
7454,2
7455,3
7456,3
7457,0
7458,1
7459,2
7460,0
7461,1
7462,1
7463,1
7464,0
7465,4
7466,3
7467,0
7468,0
7469,-1
7470,3
7471,2
7472,2
7473,2
7474,0
7475,2
7476,0
7477,1
7478,0
7479,3
7480,1
7481,2
7482,0
7483,-1
7484,1
7485,3
7486,4
7487,0
7488,4
7489,2
7490,1
7491,1
7492,3
7493,2
7494,1
7495,0
7496,2
7497,1
7498,1
7499,2
7500,0
7501,3
7502,4
7503,-1
7504,3
7505,3
7506,3
7507,1
7508,2
7509,2
7510,3
7511,3
7512,3
7513,1
7514,1
7515,3
7516,1
7517,3
7518,-1
7519,2
7520,0
7521,1
7522,1
7523,1
7524,3
7525,0
7526,1
7527,1
7528,0
7529,3
7530,3
7531,0
7532,3
7533,2
7534,0
7535,-1
7536,1
7537,0
7538,0
7539,4
7540,2
7541,0
7542,-1
7543,2
7544,1
7545,2
7546,0
7547,3
7548,0
7549,-1
7550,0
7551,-1
7552,0
7553,1
7554,3
7555,-1
7556,3
7557,2
7558,-1
7559,3
7560,0
7561,1
7562,0
7563,-1
7564,3
7565,1
7566,2
7567,-1
7568,1
7569,1
7570,3
7571,3
7572,4
7573,2
7574,3
7575,3
7576,2
7577,3
7578,4
7579,3
7580,1
7581,2
7582,0
7583,0
7584,0
7585,0
7586,1
7587,1
7588,2
7589,-1
7590,3
7591,0
7592,0
7593,0
7594,3
7595,3
7596,1
7597,3
7598,-1
7599,0
7600,0
7601,0
7602,3
7603,0
7604,3
7605,3
7606,3
7607,3
7608,-1
7609,1
7610,3
7611,1
7612,0
7613,3
7614,2
7615,1
7616,1
7617,1
7618,0
7619,3
7620,1
7621,0
7622,0
7623,0
7624,0
7625,3
7626,0
7627,1
7628,3
7629,1
7630,3
7631,0
7632,3
7633,0
7634,4
7635,0
7636,3
7637,0
7638,3
7639,3
7640,2
7641,3
7642,0
7643,2
7644,3
7645,0
7646,3
7647,3
7648,0
7649,0
7650,4
7651,3
7652,1
7653,3
7654,1
7655,1
7656,-1
7657,1
7658,3
7659,1
7660,3
7661,2
7662,3
7663,3
7664,2
7665,3
7666,-1
7667,0
7668,0
7669,-1
7670,1
7671,4
7672,-1
7673,3
7674,0
7675,0
7676,1
7677,4
7678,3
7679,2
7680,1
7681,0
7682,4
7683,0
7684,0
7685,0
7686,0
7687,3
7688,4
7689,1
7690,3
7691,3
7692,1
7693,1
7694,2
7695,4
7696,4
7697,3
7698,2
7699,0
7700,1
7701,3
7702,1
7703,2
7704,3
7705,4
7706,1
7707,3
7708,2
7709,0
7710,0
7711,1
7712,4
7713,3
7714,0
7715,3
7716,3
7717,2
7718,3
7719,0
7720,1
7721,1
7722,1
7723,0
7724,0
7725,3
7726,0
7727,3
7728,0
7729,2
7730,1
7731,0
7732,1
7733,3
7734,-1
7735,3
7736,-1
7737,0
7738,3
7739,1
7740,2
7741,4
7742,1
7743,-1
7744,3
7745,3
7746,0
7747,3
7748,1
7749,3
7750,0
7751,1
7752,2
7753,-1
7754,3
7755,0
7756,0
7757,3
7758,3
7759,1
7760,1
7761,1
7762,3
7763,-1
7764,4
7765,1
7766,3
7767,0
7768,1
7769,2
7770,3
7771,1
7772,0
7773,0
7774,0
7775,-1
7776,0
7777,3
7778,3
7779,0
7780,3
7781,3
7782,4
7783,0
7784,3
7785,4
7786,1
7787,3
7788,3
7789,2
7790,3
7791,1
7792,1
7793,3
7794,1
7795,1
7796,3
7797,3
7798,0
7799,3
7800,3
7801,3
7802,1
7803,2
7804,3
7805,0
7806,3
7807,1
7808,4
7809,1
7810,2
7811,1
7812,-1
7813,1
7814,0
7815,2
7816,1
7817,3
7818,1
7819,1
7820,1
7821,4
7822,1
7823,3
7824,4
7825,3
7826,4
7827,3
7828,0
7829,3
7830,0
7831,3
7832,3
7833,2
7834,3
7835,3
7836,0
7837,3
7838,1
7839,4
7840,1
7841,1
7842,1
7843,1
7844,3
7845,3
7846,3
7847,1
7848,3
7849,0
7850,3
7851,2
7852,1
7853,3
7854,2
7855,3
7856,0
7857,2
7858,0
7859,0
7860,0
7861,0
7862,0
7863,0
7864,3
7865,2
7866,3
7867,2
7868,1
7869,-1
7870,0
7871,3
7872,-1
7873,-1
7874,4
7875,4
7876,3
7877,-1
7878,2
7879,3
7880,3
7881,2
7882,2
7883,4
7884,1
7885,3
7886,3
7887,3
7888,1
7889,1
7890,1
7891,0
7892,3
7893,3
7894,0
7895,3
7896,1
7897,0
7898,3
7899,1
7900,1
7901,0
7902,2
7903,2
7904,-1
7905,3
7906,0
7907,3
7908,3
7909,0
7910,3
7911,1
7912,3
7913,-1
7914,1
7915,3
7916,3
7917,3
7918,0
7919,3
7920,-1
7921,1
7922,-1
7923,1
7924,0
7925,1
7926,1
7927,-1
7928,2
7929,1
7930,1
7931,2
7932,1
7933,3
7934,3
7935,3
7936,0
7937,1
7938,1
7939,2
7940,3
7941,1
7942,3
7943,3
7944,2
7945,-1
7946,3
7947,3
7948,1
7949,3
7950,3
7951,-1
7952,3
7953,1
7954,3
7955,1
7956,0
7957,0
7958,0
7959,1
7960,0
7961,3
7962,1
7963,4
7964,4
7965,3
7966,0
7967,0
7968,3
7969,3
7970,3
7971,3
7972,3
7973,3
7974,-1
7975,1
7976,3
7977,3
7978,3
7979,2
7980,3
7981,3
7982,0
7983,3
7984,3
7985,0
7986,3
7987,-1
7988,3
7989,3
7990,2
7991,1
7992,3
7993,3
7994,2
7995,0
7996,3
7997,0
7998,1
7999,-1
8000,3
8001,3
8002,0
8003,3
8004,3
8005,1
8006,3
8007,-1
8008,3
8009,2
8010,1
8011,2
8012,4
8013,2
8014,3
8015,3
8016,1
8017,3
8018,2
8019,4
8020,3
8021,1
8022,3
8023,3
8024,3
8025,2
8026,1
8027,-1
8028,1
8029,4
8030,2
8031,3
8032,0
8033,3
8034,0
8035,3
8036,0
8037,4
8038,2
8039,3
8040,3
8041,0
8042,3
8043,3
8044,3
8045,3
8046,0
8047,1
8048,0
8049,0
8050,3
8051,2
8052,-1
8053,0
8054,1
8055,-1
8056,3
8057,3
8058,3
8059,3
8060,-1
8061,2
8062,3
8063,1
8064,0
8065,3
8066,3
8067,3
8068,3
8069,0
8070,2
8071,3
8072,0
8073,2
8074,1
8075,0
8076,0
8077,-1
8078,3
8079,3
8080,1
8081,3
8082,0
8083,3
8084,1
8085,0
8086,-1
8087,3
8088,0
8089,1
8090,3
8091,3
8092,3
8093,3
8094,3
8095,2
8096,1
8097,-1
8098,-1
8099,3
8100,3
8101,0
8102,4
8103,1
8104,3
8105,4
8106,3
8107,3
8108,1
8109,3
8110,1
8111,-1
8112,3
8113,-1
8114,3
8115,2
8116,3
8117,3
8118,3
8119,0
8120,0
8121,0
8122,0
8123,3
8124,-1
8125,3
8126,3
8127,4
8128,1
8129,3
8130,3
8131,0
8132,2
8133,4
8134,2
8135,3
8136,-1
8137,0
8138,0
8139,0
8140,0
8141,-1
8142,0
8143,0
8144,1
8145,0
8146,1
8147,0
8148,1
8149,2
8150,4
8151,0
8152,3
8153,3
8154,4
8155,3
8156,2
8157,2
8158,0
8159,1
8160,0
8161,3
8162,4
8163,-1
8164,1
8165,1
8166,3
8167,-1
8168,1
8169,3
8170,0
8171,-1
8172,3
8173,3
8174,1
8175,3
8176,3
8177,1
8178,2
8179,3
8180,0
8181,1
8182,1
8183,1
8184,2
8185,3
8186,3
8187,0
8188,0
8189,1
8190,3
8191,3
8192,2
8193,0
8194,2
8195,4
8196,3
8197,1
8198,2
8199,-1
8200,4
8201,3
8202,3
8203,0
8204,4
8205,3
8206,0
8207,0
8208,0
8209,3
8210,3
8211,0
8212,2
8213,-1
8214,3
8215,1
8216,-1
8217,-1
8218,2
8219,3
8220,2
8221,3
8222,4
8223,4
8224,3
8225,2
8226,0
8227,1
8228,3
8229,2
8230,0
8231,2
8232,3
8233,3
8234,3
8235,0
8236,3
8237,0
8238,1
8239,1
8240,-1
8241,3
8242,0
8243,0
8244,0
8245,1
8246,3
8247,3
8248,3
8249,1
8250,0
8251,0
8252,3
8253,1
8254,0
8255,2
8256,2
8257,-1
8258,1
8259,3
8260,2
8261,3
8262,3
8263,3
8264,0
8265,4
8266,4
8267,0
8268,0
8269,-1
8270,1
8271,1
8272,1
8273,1
8274,-1
8275,3
8276,0
8277,2
8278,3
8279,3
8280,4
8281,0
8282,0
8283,0
8284,0
8285,3
8286,3
8287,4
8288,0
8289,3
8290,3
8291,3
8292,1
8293,2
8294,2
8295,3
8296,4
8297,0
8298,0
8299,3
8300,3
8301,0
8302,0
8303,3
8304,2
8305,-1
8306,0
8307,1
8308,4
8309,0
8310,1
8311,1
8312,1
8313,1
8314,1
8315,0
8316,0
8317,4
8318,0
8319,0
8320,0
8321,2
8322,4
8323,2
8324,-1
8325,3
8326,1
8327,0
8328,-1
8329,3
8330,-1
8331,3
8332,0
8333,-1
8334,3
8335,3
8336,2
8337,3
8338,-1
8339,3
8340,3
8341,3
8342,1
8343,3
8344,1
8345,3
8346,0
8347,0
8348,3
8349,3
8350,-1
8351,0
8352,1
8353,2
8354,-1
8355,3
8356,1
8357,1
8358,-1
8359,2
8360,2
8361,3
8362,1
8363,3
8364,1
8365,0
8366,0
8367,3
8368,2
8369,3
8370,0
8371,0
8372,1
8373,3
8374,0
8375,2
8376,3
8377,0
8378,3
8379,1
8380,1
8381,3
8382,3
8383,1
8384,3
8385,1
8386,2
8387,2
8388,1
8389,1
8390,1
8391,0
8392,1
8393,3
8394,1
8395,-1
8396,1
8397,0
8398,1
8399,1
8400,3
8401,-1
8402,0
8403,3
8404,3
8405,3
8406,1
8407,3
8408,3
8409,0
8410,0
8411,0
8412,2
8413,3
8414,1
8415,3
8416,3
8417,1
8418,1
8419,-1
8420,1
8421,0
8422,0
8423,0
8424,0
8425,0
8426,-1
8427,3
8428,4
8429,3
8430,0
8431,3
8432,3
8433,3
8434,3
8435,-1
8436,1
8437,-1
8438,0
8439,1
8440,-1
8441,0
8442,3
8443,3
8444,3
8445,0
8446,-1
8447,2
8448,1
8449,3
8450,2
8451,0
8452,1
8453,4
8454,1
8455,3
8456,3
8457,4
8458,0
8459,3
8460,3
8461,-1
8462,3
8463,4
8464,0
8465,1
8466,3
8467,2
8468,3
8469,1
8470,1
8471,0
8472,3
8473,2
8474,3
8475,3
8476,0
8477,0
8478,0
8479,4
8480,3
8481,3
8482,3
8483,0
8484,3
8485,3
8486,3
8487,3
8488,1
8489,1
8490,2
8491,2
8492,3
8493,1
8494,2
8495,1
8496,3
8497,2
8498,3
8499,3
8500,3
8501,0
8502,0
8503,0
8504,0
8505,2
8506,0
8507,-1
8508,0
8509,1
8510,3
8511,3
8512,3
8513,1
8514,-1
8515,-1
8516,3
8517,3
8518,4
8519,2
8520,3
8521,0
8522,3
8523,3
8524,3
8525,1
8526,3
8527,3
8528,3
8529,-1
8530,3
8531,2
8532,-1
8533,3
8534,1
8535,1
8536,3
8537,3
8538,3
8539,-1
8540,0
8541,1
8542,2
8543,3
8544,0
8545,0
8546,1
8547,1
8548,-1
8549,0
8550,0
8551,3
8552,1
8553,3
8554,4
8555,3
8556,0
8557,3
8558,3
8559,-1
8560,0
8561,3
8562,3
8563,1
8564,0
8565,-1
8566,3
8567,0
8568,2
8569,0
8570,2
8571,3
8572,3
8573,3
8574,0
8575,4
8576,3
8577,0
8578,0
8579,-1
8580,0
8581,0
8582,0
8583,0
8584,1
8585,-1
8586,0
8587,3
8588,3
8589,1
8590,-1
8591,-1
8592,0
8593,2
8594,3
8595,3
8596,3
8597,0
8598,0
8599,0
8600,3
8601,1
8602,4
8603,3
8604,3
8605,3
8606,3
8607,0
8608,3
8609,0
8610,-1
8611,2
8612,0
8613,1
8614,-1
8615,0
8616,4
8617,1
8618,1
8619,2
8620,3
8621,3
8622,3
8623,3
8624,3
8625,0
8626,0
8627,1
8628,3
8629,3
8630,1
8631,3
8632,3
8633,4
8634,2
8635,3
8636,3
8637,-1
8638,-1
8639,0
8640,3
8641,3
8642,2
8643,3
8644,3
8645,0
8646,0
8647,0
8648,0
8649,0
8650,3
8651,0
8652,3
8653,0
8654,3
8655,-1
8656,2
8657,3
8658,2
8659,-1
8660,0
8661,1
8662,1
8663,0
8664,3
8665,4
8666,3
8667,3
8668,4
8669,3
8670,2
8671,-1
8672,0
8673,3
8674,3
8675,0
8676,0
8677,3
8678,0
8679,0
8680,0
8681,3
8682,1
8683,1
8684,-1
8685,0
8686,0
8687,3
8688,0
8689,2
8690,0
8691,2
8692,0
8693,1
8694,0
8695,3
8696,3
8697,3
8698,1
8699,0
8700,0
8701,3
8702,3
8703,3
8704,3
8705,0
8706,3
8707,1
8708,1
8709,-1
8710,3
8711,3
8712,3
8713,-1
8714,3
8715,3
8716,1
8717,3
8718,2
8719,0
8720,-1
8721,3
8722,0
8723,4
8724,4
8725,1
8726,-1
8727,-1
8728,3
8729,0
8730,0
8731,3
8732,0
8733,3
8734,0
8735,3
8736,4
8737,1
8738,2
8739,-1
8740,0
8741,3
8742,3
8743,-1
8744,4
8745,0
8746,4
8747,1
8748,2
8749,3
8750,3
8751,3
8752,-1
8753,3
8754,1
8755,0
8756,3
8757,0
8758,2
8759,3
8760,1
8761,1
8762,3
8763,-1
8764,1
8765,-1
8766,3
8767,3
8768,-1
8769,1
8770,3
8771,0
8772,3
8773,3
8774,3
8775,3
8776,3
8777,0
8778,-1
8779,0
8780,0
8781,3
8782,0
8783,3
8784,2
8785,4
8786,3
8787,3
8788,3
8789,0
8790,1
8791,0
8792,1
8793,0
8794,3
8795,4
8796,-1
8797,3
8798,3
8799,3
8800,3
8801,2
8802,0
8803,-1
8804,0
8805,1
8806,3
8807,2
8808,1
8809,3
8810,1
8811,2
8812,0
8813,0
8814,3
8815,0
8816,-1
8817,3
8818,3
8819,0
8820,3
8821,1
8822,3
8823,3
8824,3
8825,1
8826,3
8827,3
8828,0
8829,3
8830,-1
8831,0
8832,-1
8833,0
8834,3
8835,1
8836,3
8837,1
8838,4
8839,-1
8840,-1
8841,2
8842,0
8843,2
8844,4
8845,0
8846,-1
8847,3
8848,-1
8849,3
8850,3
8851,0
8852,3
8853,0
8854,2
8855,0
8856,1
8857,-1
8858,-1
8859,3
8860,3
8861,3
8862,2
8863,-1
8864,1
8865,1
8866,3
8867,2
8868,0
8869,4
8870,3
8871,2
8872,-1
8873,-1
8874,1
8875,3
8876,-1
8877,3
8878,0
8879,3
8880,4
8881,-1
8882,0
8883,-1
8884,0
8885,1
8886,0
8887,1
8888,3
8889,1
8890,3
8891,3
8892,-1
8893,-1
8894,1
8895,-1
8896,-1
8897,1
8898,1
8899,0
8900,3
8901,0
8902,3
8903,1
8904,3
8905,3
8906,-1
8907,3
8908,3
8909,2
8910,2
8911,3
8912,1
8913,3
8914,0
8915,-1
8916,3
8917,0
8918,3
8919,2
8920,0
8921,3
8922,3
8923,1
8924,2
8925,3
8926,3
8927,1
8928,3
8929,0
8930,-1
8931,3
8932,3
8933,1
8934,3
8935,3
8936,3
8937,0
8938,0
8939,4
8940,3
8941,-1
8942,3
8943,2
8944,2
8945,3
8946,3
8947,3
8948,0
8949,-1
